Date,Open,High,Low,Close
5/22/2009,4.43,4.43,4.25,4.26
5/26/2009,4.26,4.57,4.23,4.53
5/27/2009,4.57,4.8,4.55,4.71
5/28/2009,4.75,4.84,4.54,4.7
5/29/2009,4.71,4.78,4.38,4.54
6/1/2009,4.69,4.9,4.64,4.73
6/2/2009,4.68,4.7,4.55,4.56
6/3/2009,4.55,4.6,4.34,4.48
6/4/2009,4.57,4.74,4.54,4.65
6/5/2009,4.84,4.87,4.61,4.63
6/8/2009,4.58,4.67,4.5,4.61
6/9/2009,4.7,4.8,4.68,4.75
6/10/2009,4.81,4.86,4.7,4.82
6/11/2009,4.83,4.87,4.68,4.7
6/12/2009,4.75,4.79,4.33,4.47
6/15/2009,4.39,4.45,4.21,4.26
6/16/2009,4.3,4.35,4.1,4.13
6/17/2009,4.13,4.17,3.86,4.08
6/18/2009,4.03,4.07,3.81,3.85
6/19/2009,3.92,3.98,3.86,3.87
6/22/2009,3.84,3.86,3.61,3.62
6/23/2009,3.67,3.69,3.43,3.55
6/24/2009,3.63,3.78,3.6,3.66
6/25/2009,3.62,3.68,3.53,3.64
6/26/2009,3.69,3.71,3.62,3.62
6/29/2009,3.72,3.78,3.65,3.72
6/30/2009,3.77,3.98,3.74,3.87
7/1/2009,3.93,4.05,3.88,3.91
7/2/2009,3.84,3.89,3.76,3.78
7/6/2009,3.74,3.77,3.5,3.55
7/7/2009,3.63,3.63,3.35,3.43
7/8/2009,3.43,3.49,3.22,3.36
7/9/2009,3.43,3.56,3.38,3.48
7/10/2009,3.43,3.56,3.42,3.49
7/13/2009,3.53,3.6,3.36,3.56
7/14/2009,3.59,3.61,3.49,3.55
7/15/2009,3.8,3.97,3.8,3.86
7/16/2009,3.9,3.95,3.76,3.92
7/17/2009,3.95,4,3.89,4
7/20/2009,4.03,4.18,4,4.17
7/21/2009,4.25,4.25,3.95,4.08
7/22/2009,3.54,3.64,3.41,3.55
7/23/2009,3.54,3.6,3.49,3.59
7/24/2009,3.56,3.81,3.54,3.77
7/27/2009,3.82,3.84,3.71,3.8
7/28/2009,3.77,3.81,3.7,3.77
7/29/2009,3.77,3.79,3.65,3.71
7/30/2009,3.78,3.81,3.65,3.66
7/31/2009,3.66,3.73,3.65,3.66
8/3/2009,3.75,3.78,3.7,3.74
8/4/2009,3.75,3.85,3.68,3.76
8/5/2009,3.77,3.79,3.7,3.75
8/6/2009,3.75,3.79,3.66,3.71
8/7/2009,3.77,3.77,3.66,3.7
8/10/2009,3.71,3.71,3.65,3.68
8/11/2009,3.68,3.69,3.55,3.59
8/12/2009,3.6,3.63,3.56,3.59
8/13/2009,3.61,3.71,3.52,3.68
8/14/2009,3.66,3.76,3.59,3.69
8/17/2009,3.55,3.61,3.52,3.55
8/18/2009,3.55,3.58,3.49,3.56
8/19/2009,3.49,3.53,3.47,3.52
8/20/2009,3.53,3.55,3.49,3.52
8/21/2009,3.53,3.71,3.51,3.7
8/24/2009,3.93,4.1,3.88,4
8/25/2009,4.13,4.14,4.02,4.02
8/26/2009,4.03,4.08,4,4.06
8/27/2009,4.04,4.26,4,4.23
8/28/2009,4.45,4.55,4.3,4.47
8/31/2009,4.32,4.38,4.23,4.36
9/1/2009,4.36,4.57,4.18,4.22
9/2/2009,4.19,4.33,4.13,4.28
9/3/2009,4.39,4.56,4.35,4.53
9/4/2009,4.55,4.56,4.38,4.53
9/8/2009,4.6,5.24,4.57,5.19
9/9/2009,5.15,5.3,5,5.2
9/10/2009,5.29,5.45,5.2,5.38
9/11/2009,5.49,5.75,5.45,5.68
9/14/2009,5.62,5.78,5.51,5.72
9/15/2009,5.77,5.94,5.72,5.88
9/16/2009,5.85,5.87,5.57,5.69
9/17/2009,5.69,5.78,5.55,5.67
9/18/2009,5.74,5.75,5.43,5.7
9/21/2009,5.57,5.89,5.56,5.81
9/22/2009,5.91,6.3,5.84,6.08
9/23/2009,6.18,6.28,6,6.02
9/24/2009,6.06,6.09,5.57,5.66
9/25/2009,5.52,5.83,5.51,5.83
9/28/2009,5.87,6.06,5.79,5.94
9/29/2009,5.85,6.1,5.72,5.78
9/30/2009,5.8,5.85,5.59,5.66
10/1/2009,5.62,5.65,5.27,5.39
10/2/2009,5.22,5.45,5.05,5.31
10/5/2009,5.15,5.63,5.12,5.54
10/6/2009,5.67,5.78,5.53,5.64
10/7/2009,5.66,5.69,5.52,5.54
10/8/2009,5.58,5.67,5.46,5.51
10/9/2009,5.51,5.9,5.51,5.88
10/12/2009,6.13,6.29,6.08,6.14
10/13/2009,6.21,6.22,6.06,6.08
10/14/2009,6.31,6.36,6.16,6.25
10/15/2009,6.21,6.23,6.05,6.19
10/16/2009,5.89,5.94,5.65,5.74
10/19/2009,5.78,5.89,5.68,5.87
10/20/2009,5.94,6.18,5.92,5.98
10/21/2009,5.89,6.07,5.7,5.77
10/22/2009,5.76,5.87,5.61,5.83
10/23/2009,5.93,5.93,5.52,5.6
10/26/2009,5.62,5.71,5.34,5.42
10/27/2009,5.42,5.47,5.07,5.15
10/28/2009,4.98,5.02,4.75,4.85
10/29/2009,4.95,5.1,4.9,4.93
10/30/2009,4.98,4.98,4.55,4.6
11/2/2009,4.68,4.78,4.44,4.6
11/3/2009,4.49,4.65,4.33,4.64
11/4/2009,4.71,4.88,4.67,4.69
11/5/2009,4.81,4.86,4.72,4.83
11/6/2009,4.84,5.05,4.79,5.04
11/9/2009,5.12,5.24,5.1,5.21
11/10/2009,5.2,5.31,5.07,5.14
11/11/2009,5.23,5.35,5.2,5.32
11/12/2009,6.64,6.73,6.35,6.48
11/13/2009,6.26,6.56,6.17,6.53
11/16/2009,6.56,6.7,6.32,6.43
11/17/2009,6.37,6.64,6.35,6.62
11/18/2009,6.71,7.33,6.7,7.32
11/19/2009,7.2,7.3,6.78,7.05
11/20/2009,6.9,7,6.8,6.95
11/23/2009,7.03,7.15,6.94,7
11/24/2009,7.01,7.07,6.83,6.95
11/25/2009,7.01,7.12,6.97,7.11
11/27/2009,6.69,7,6.68,6.85
11/30/2009,6.9,7.01,6.78,7.01
12/1/2009,7.11,7.25,7.01,7.2
12/2/2009,7.21,7.5,7.21,7.3
12/3/2009,7.37,8.23,7.36,8.03
12/4/2009,8.09,8.25,7.65,7.86
12/7/2009,8.25,8.61,8.23,8.52
12/8/2009,8.43,8.82,8.34,8.67
12/9/2009,8.81,8.87,8.55,8.71
12/10/2009,8.82,8.9,8.57,8.58
12/11/2009,8.61,8.69,8.43,8.64
12/14/2009,8.81,8.84,8.58,8.68
12/15/2009,8.65,9.08,8.57,8.82
12/16/2009,9.14,9.39,8.82,9.15
12/17/2009,9.03,9.3,9,9.12
12/18/2009,9,9.12,8.93,9.05
12/21/2009,9.09,9.59,9.01,9.53
12/22/2009,9.55,9.76,9.29,9.43
12/23/2009,9.45,9.69,9.42,9.67
12/24/2009,9.79,9.95,9.78,9.91
12/28/2009,9.97,10.04,9.71,9.83
12/29/2009,9.81,9.91,9.44,9.75
12/30/2009,9.63,9.83,9.58,9.72
12/31/2009,9.75,9.77,9.63,9.68
1/4/2010,9.79,9.9,9.68,9.7
1/5/2010,9.71,9.9,9.68,9.71
1/6/2010,9.68,9.76,9.55,9.57
1/7/2010,9.51,9.55,9.18,9.47
1/8/2010,9.37,9.47,9.29,9.43
1/11/2010,9.38,9.44,9.08,9.14
1/12/2010,8.89,8.92,8.52,8.65
1/13/2010,8.71,9.2,8.55,9.15
1/14/2010,9.18,9.26,8.92,9
1/15/2010,9.13,9.19,8.8,8.84
1/19/2010,8.84,9.21,8.84,9.01
1/20/2010,8.98,9,8.76,8.87
1/21/2010,9.01,9.1,8.77,8.99
1/22/2010,8.55,8.56,7.82,7.88
1/25/2010,8.01,8.14,7.93,8.07
1/26/2010,8.03,8.19,7.93,8.09
1/27/2010,8.03,8.22,7.91,8.19
1/28/2010,8.24,8.25,7.71,7.88
1/29/2010,8.01,8.1,7.3,7.46
2/1/2010,7.61,7.98,7.53,7.98
2/2/2010,7.74,7.96,7.72,7.91
2/3/2010,7.83,7.96,7.76,7.81
2/4/2010,7.64,7.65,7.1,7.19
2/5/2010,7.13,7.37,6.98,7.35
2/8/2010,7.38,7.62,7.28,7.42
2/9/2010,7.59,7.64,7.42,7.54
2/10/2010,7.47,7.71,7.45,7.64
2/11/2010,7.67,7.9,7.6,7.84
2/12/2010,7.71,8,7.65,7.87
2/16/2010,7.91,8.14,7.87,8.06
2/17/2010,8.11,8.2,7.94,8.03
2/18/2010,7.98,8.08,7.87,7.95
2/19/2010,7.82,7.99,7.82,7.93
2/22/2010,7.96,8,7.83,7.9
2/23/2010,7.91,7.94,7.69,7.79
2/24/2010,7.78,8.1,7.77,8.05
2/25/2010,7.88,7.89,7.62,7.89
2/26/2010,7.83,7.96,7.68,7.91
3/1/2010,7.94,8.25,7.94,8.21
3/2/2010,8.33,8.6,8.29,8.38
3/3/2010,8.44,8.55,8.28,8.35
3/4/2010,8.37,8.5,8.28,8.5
3/5/2010,8.55,8.7,8.48,8.61
3/8/2010,8.66,8.69,8.51,8.64
3/9/2010,8.5,8.69,8.43,8.63
3/10/2010,8.6,9.09,8.59,8.92
3/11/2010,8.91,9,8.74,8.95
3/12/2010,9.04,9.04,8.9,8.93
3/15/2010,8.88,8.95,8.8,8.92
3/16/2010,8.95,9.42,8.94,9.4
3/17/2010,9.47,9.74,9.42,9.67
3/18/2010,9.62,9.66,9.26,9.39
3/19/2010,9.11,9.41,9.1,9.11
3/22/2010,8.91,9.32,8.79,9.31
3/23/2010,9.34,9.49,9.26,9.45
3/24/2010,9.38,9.38,9.2,9.23
3/25/2010,9.35,9.44,9.02,9.03
3/26/2010,9.11,9.19,8.91,9.02
3/29/2010,9.08,9.2,9.06,9.11
3/30/2010,9.21,9.28,9.09,9.27
3/31/2010,9.15,9.44,9.13,9.27
4/1/2010,9.34,9.49,9.22,9.37
4/5/2010,9.47,9.54,9.42,9.53
4/6/2010,9.44,9.49,9.18,9.35
4/7/2010,9.38,9.83,9.25,9.66
4/8/2010,9.63,9.63,9.33,9.42
4/9/2010,9.49,9.58,9.28,9.3
4/12/2010,9.37,9.53,9.35,9.42
4/13/2010,9.42,9.59,9.35,9.56
4/14/2010,9.82,9.97,9.71,9.89
4/15/2010,9.97,10.24,9.9,10.16
4/16/2010,9.78,9.9,9.37,9.81
4/19/2010,9.73,9.84,9.29,9.58
4/20/2010,9.74,9.81,9.63,9.77
4/21/2010,9.8,9.91,9.49,9.78
4/22/2010,9.57,9.9,9.45,9.86
4/23/2010,9.81,9.85,9.61,9.76
4/26/2010,9.8,10.15,9.7,9.97
4/27/2010,9.84,10.06,9.53,9.58
4/28/2010,9.69,9.8,9.35,9.55
4/29/2010,9.7,9.78,9.59,9.72
4/30/2010,9.72,9.72,9.06,9.07
5/3/2010,9.18,9.38,9.02,9.29
5/4/2010,9.08,9.08,8.54,8.68
5/5/2010,8.44,8.88,8.35,8.58
5/6/2010,8.58,8.72,7.81,8.27
5/7/2010,8.3,8.67,7.92,8.38
5/10/2010,8.92,9.03,8.31,8.99
5/11/2010,8.85,9.29,8.75,9.07
5/12/2010,9.2,9.58,9.15,9.49
5/13/2010,9.52,9.78,9.32,9.42
5/14/2010,9.24,9.31,8.57,8.8
5/17/2010,8.75,8.87,8.47,8.85
5/18/2010,8.96,9.01,8.37,8.42
5/19/2010,8.23,8.63,8.2,8.47
5/20/2010,8.27,8.37,8,8.09
5/21/2010,7.87,8.55,7.75,8.4
5/24/2010,8.32,8.56,8.07,8.09
5/25/2010,7.75,8.15,7.68,8.15
5/26/2010,8.39,8.59,8.18,8.22
5/27/2010,8.45,8.8,8.4,8.8
5/28/2010,8.84,8.87,8.45,8.57
6/1/2010,8.43,8.43,8.14,8.14
6/2/2010,8.26,8.54,8.11,8.54
6/3/2010,8.59,8.73,8.36,8.69
6/4/2010,8.42,8.67,8.01,8.11
6/7/2010,8.2,8.22,7.64,7.71
6/8/2010,7.75,7.88,7.42,7.77
6/9/2010,7.91,8.05,7.58,7.61
6/10/2010,7.78,8.04,7.74,8.01
6/11/2010,7.85,8.18,7.81,8.12
6/14/2010,8.31,8.45,8.24,8.28
6/15/2010,8.35,8.88,8.34,8.82
6/16/2010,8.73,9.19,8.65,8.9
6/17/2010,9.05,9.05,8.71,8.91
6/18/2010,8.92,9.05,8.77,8.83
6/21/2010,9.03,9.16,8.71,8.8
6/22/2010,8.81,9.02,8.54,8.58
6/23/2010,8.63,8.8,8.48,8.56
6/24/2010,8.51,8.57,8.05,8.13
6/25/2010,8.22,8.22,7.93,8.09
6/28/2010,8.14,8.24,7.96,8.05
6/29/2010,7.93,7.93,7.41,7.48
6/30/2010,7.58,7.65,7.3,7.32
7/1/2010,7.35,7.53,7.1,7.39
7/2/2010,7.45,7.48,7.02,7.17
7/6/2010,7.4,7.42,6.96,7.04
7/7/2010,7.04,7.41,7.04,7.39
7/8/2010,7.52,7.52,7.22,7.37
7/9/2010,7.34,7.35,7.14,7.34
7/12/2010,7.38,7.6,7.32,7.36
7/13/2010,7.6,7.69,7.43,7.52
7/14/2010,7.82,7.82,7.33,7.44
7/15/2010,7.46,7.48,7.18,7.41
7/16/2010,7.28,7.59,7.11,7.37
7/19/2010,7.41,7.54,7.22,7.44
7/20/2010,7.21,7.63,7.15,7.6
7/21/2010,7.61,7.65,7.35,7.4
7/22/2010,7.49,7.68,7.36,7.61
7/23/2010,7.57,7.84,7.46,7.82
7/26/2010,7.82,8.1,7.68,8.07
7/27/2010,8.14,8.25,8.03,8.21
7/28/2010,8.09,8.2,7.88,7.98
7/29/2010,7.88,7.88,7.58,7.78
7/30/2010,7.61,7.67,7.41,7.49
8/2/2010,7.63,7.77,7.47,7.65
8/3/2010,7.57,7.59,7.41,7.51
8/4/2010,7.55,7.61,7.44,7.52
8/5/2010,7.49,7.62,7.45,7.5
8/6/2010,7.49,7.72,7.43,7.45
8/9/2010,7.48,7.52,7.38,7.42
8/10/2010,7.06,7.13,6.75,6.83
8/11/2010,6.63,6.68,6.41,6.49
8/12/2010,6.35,6.75,6.26,6.57
8/13/2010,6.6,6.72,6.47,6.49
8/16/2010,6.47,6.71,6.43,6.62
8/17/2010,6.72,6.77,6.62,6.63
8/18/2010,6.62,6.66,6.51,6.57
8/19/2010,6.48,6.55,6.28,6.42
8/20/2010,6.36,6.44,6.19,6.25
8/23/2010,6.3,6.36,6.11,6.14
8/24/2010,6,6.21,5.94,5.99
8/25/2010,5.92,6.18,5.85,6.13
8/26/2010,6.19,6.22,5.83,5.87
8/27/2010,5.94,6.09,5.53,6.08
8/30/2010,6.02,6.08,5.77,5.78
8/31/2010,5.69,5.8,5.57,5.61
9/1/2010,5.75,5.86,5.68,5.76
9/2/2010,5.82,5.96,5.7,5.93
9/3/2010,6.05,6.12,5.89,6.09
9/7/2010,6.04,6.18,5.95,5.95
9/8/2010,5.96,5.96,5.79,5.83
9/9/2010,5.95,5.95,5.82,5.86
9/10/2010,5.88,5.9,5.67,5.81
9/13/2010,5.89,6.34,5.89,6.18
9/14/2010,6.16,6.47,6.08,6.27
9/15/2010,6.25,6.29,6.13,6.22
9/16/2010,6.21,6.25,6.1,6.15
9/17/2010,6.21,6.22,6.09,6.12
9/20/2010,6.16,6.17,6.02,6.09
9/21/2010,6.1,6.25,6.06,6.17
9/22/2010,6.12,6.27,6.06,6.26
9/23/2010,6.2,6.59,6.14,6.4
9/24/2010,6.6,6.85,6.6,6.84
9/27/2010,6.92,7.24,6.84,7.02
9/28/2010,7.06,7.09,6.87,6.95
9/29/2010,6.87,7.34,6.85,7.28
9/30/2010,7.39,7.44,6.99,7.11
10/1/2010,7.2,7.26,7.01,7.05
10/4/2010,7.03,7.08,6.84,6.94
10/5/2010,7.04,7.12,6.89,6.98
10/6/2010,7.01,7.05,6.78,6.86
10/7/2010,6.89,6.93,6.77,6.87
10/8/2010,6.87,7.1,6.79,7.05
10/11/2010,7.1,7.28,7.08,7.24
10/12/2010,7.26,7.35,7.16,7.3
10/13/2010,7.45,7.48,7.22,7.22
10/14/2010,7.23,7.25,7,7.14
10/15/2010,7.36,7.39,7.01,7.12
10/18/2010,7.11,7.13,6.89,6.96
10/19/2010,6.86,7.14,6.8,6.95
10/20/2010,6.98,7.05,6.8,6.82
10/21/2010,6.87,6.95,6.79,6.89
10/22/2010,6.86,7,6.86,6.89
10/25/2010,6.96,7.33,6.94,7.26
10/26/2010,7.2,7.3,7.14,7.2
10/27/2010,7.17,7.35,7.16,7.35
10/28/2010,7.36,7.68,7.34,7.63
10/29/2010,7.61,7.63,7.31,7.34
11/1/2010,7.48,7.5,7.3,7.36
11/2/2010,7.41,7.63,7.4,7.54
11/3/2010,7.52,7.67,7.47,7.64
11/4/2010,7.71,8,7.67,8
11/5/2010,8.03,8.16,7.97,8.04
11/8/2010,8.03,8.22,8.03,8.14
11/9/2010,8.22,8.24,7.85,7.91
11/10/2010,7.89,7.94,7.7,7.75
11/11/2010,7.56,7.68,7.46,7.63
11/12/2010,7.59,7.85,7.5,7.63
11/15/2010,7.75,7.82,7.56,7.57
11/16/2010,7.49,7.65,7.42,7.43
11/17/2010,7.32,7.43,7.24,7.33
11/18/2010,7.43,7.48,7.3,7.35
11/19/2010,7.36,7.53,7.27,7.47
11/22/2010,7.44,7.56,7.3,7.41
11/23/2010,7.32,7.41,7.26,7.32
11/24/2010,7.38,7.67,7.37,7.62
11/26/2010,7.6,7.65,7.51,7.55
11/29/2010,7.47,7.5,7.26,7.38
11/30/2010,7.29,7.37,7.26,7.29
12/1/2010,7.41,7.6,7.37,7.51
12/2/2010,7.56,7.63,7.49,7.54
12/3/2010,7.53,7.7,7.5,7.65
12/6/2010,7.65,7.87,7.61,7.82
12/7/2010,7.91,8.14,7.9,8.02
12/8/2010,7.98,8.2,7.95,8.17
12/9/2010,8.21,8.23,7.91,7.95
12/10/2010,8,8.12,7.89,8.07
12/13/2010,8.13,8.43,8.1,8.23
12/14/2010,8.23,8.27,8,8.05
12/15/2010,8,8.24,7.97,8.02
12/16/2010,8.01,8.12,7.96,8.03
12/17/2010,8.05,8.1,7.86,8.1
12/20/2010,8.09,8.24,8.06,8.24
12/21/2010,8.27,8.32,8.13,8.14
12/22/2010,8.17,8.18,8.09,8.11
12/23/2010,8.04,8.11,7.95,8.04
12/27/2010,8,8.08,7.93,8.05
12/28/2010,8.07,8.17,8.05,8.09
12/29/2010,8.1,8.15,8.06,8.08
12/30/2010,8.1,8.15,8.1,8.14
12/31/2010,8.14,8.19,8.05,8.18
1/3/2011,8.44,8.55,8.39,8.47
1/4/2011,8.56,8.84,8.54,8.77
1/5/2011,8.74,8.95,8.72,8.91
1/6/2011,8.92,8.94,8.67,8.69
1/7/2011,8.73,8.86,8.63,8.83
1/10/2011,9.05,9.25,8.92,9.19
1/11/2011,8.77,8.8,8.33,8.36
1/12/2011,8.41,8.5,8.36,8.39
1/13/2011,8.44,8.46,8.24,8.26
1/14/2011,8.32,8.33,8.05,8.2
1/18/2011,8.2,8.24,8.07,8.1
1/19/2011,8.13,8.17,7.9,7.93
1/20/2011,7.88,8.02,7.85,8.02
1/21/2011,8.14,8.15,7.51,7.54
1/24/2011,7.53,7.73,7.5,7.68
1/25/2011,7.66,7.68,7.34,7.48
1/26/2011,7.49,7.54,7.35,7.49
1/27/2011,7.61,7.78,7.53,7.75
1/28/2011,7.76,7.83,7.4,7.49
1/31/2011,7.55,8.04,7.5,7.83
2/1/2011,8.1,8.25,8.06,8.22
2/2/2011,8.16,8.6,8.16,8.29
2/3/2011,8.36,8.43,8.1,8.33
2/4/2011,8.32,8.49,8.25,8.4
2/7/2011,8.47,8.49,8.25,8.33
2/8/2011,8.28,8.3,8.09,8.24
2/9/2011,8.18,8.32,8.03,8.23
2/10/2011,8.1,8.25,8.08,8.22
2/11/2011,8.16,8.29,8.12,8.28
2/14/2011,8.26,8.74,8.25,8.63
2/15/2011,8.6,8.76,8.44,8.6
2/16/2011,8.65,9.12,8.61,8.99
2/17/2011,8.96,9.51,8.94,9.44
2/18/2011,9.52,9.58,9.15,9.18
2/22/2011,8.88,9.17,8.82,8.85
2/23/2011,8.78,8.95,8.37,8.55
2/24/2011,8.59,9.18,8.57,9.1
2/25/2011,9.25,9.45,9.23,9.29
2/28/2011,9.34,9.39,9.05,9.21
3/1/2011,9.27,9.32,9,9.03
3/2/2011,9.05,9.34,9.05,9.17
3/3/2011,9.31,9.37,9.18,9.28
3/4/2011,9.33,9.39,9.15,9.23
3/7/2011,9.19,9.22,8.74,8.84
3/8/2011,8.88,9.1,8.75,8.99
3/9/2011,8.94,8.94,8.63,8.67
3/10/2011,8.53,8.55,8.36,8.42
3/11/2011,8.26,8.67,8.26,8.65
3/14/2011,8.56,8.75,8.35,8.43
3/15/2011,7.99,8.34,7.93,8.28
3/16/2011,8.28,8.46,8.05,8.12
3/17/2011,8.29,8.4,8.2,8.31
3/18/2011,8.45,8.63,8.34,8.55
3/21/2011,8.73,8.74,8.51,8.55
3/22/2011,8.54,8.62,8.36,8.36
3/23/2011,8.36,8.6,8.28,8.59
3/24/2011,8.66,8.85,8.61,8.83
3/25/2011,8.78,8.9,8.73,8.88
3/28/2011,8.89,8.89,8.68,8.69
3/29/2011,8.69,8.7,8.54,8.68
3/30/2011,8.74,8.85,8.61,8.79
3/31/2011,8.77,8.85,8.57,8.6
4/1/2011,8.61,8.69,8.27,8.36
4/4/2011,8.4,8.42,8.01,8.1
4/5/2011,8.23,8.35,8.1,8.11
4/6/2011,8.22,8.51,8.17,8.43
4/7/2011,8.48,8.54,8.29,8.41
4/8/2011,8.47,8.51,8.31,8.47
4/11/2011,8.46,8.58,8.4,8.42
4/12/2011,8.35,8.39,8.16,8.26
4/13/2011,8.35,8.37,8.18,8.2
4/14/2011,8.14,8.22,8.02,8.19
4/15/2011,8.2,8.28,8.08,8.27
4/18/2011,8.11,8.28,8.01,8.2
4/19/2011,8.21,8.29,8.16,8.27
4/20/2011,8.48,8.65,8.41,8.63
4/21/2011,8.73,8.77,8.63,8.71
4/25/2011,8.67,8.72,8.42,8.7
4/26/2011,8.7,8.92,8.64,8.88
4/27/2011,8.86,8.95,8.81,8.95
4/28/2011,8.88,9.09,8.85,9.07
4/29/2011,9.04,9.14,9.02,9.1
5/2/2011,9.16,9.17,8.99,9.03
5/3/2011,9,9.05,8.63,8.8
5/4/2011,8.77,8.86,8.64,8.79
5/5/2011,8.68,8.99,8.67,8.87
5/6/2011,9,9.05,8.89,8.92
5/9/2011,8.93,8.97,8.83,8.94
5/10/2011,8.75,8.96,8.72,8.94
5/11/2011,8.89,9.07,8.8,8.88
5/12/2011,8.78,8.96,8.73,8.93
5/13/2011,8.92,9.07,8.85,8.9
5/16/2011,8.77,8.95,8.65,8.67
5/17/2011,8.62,8.62,8.38,8.54
5/18/2011,8.53,8.73,8.52,8.67
5/19/2011,8.62,8.71,8.55,8.64
5/20/2011,8.58,8.7,8.54,8.62
5/23/2011,8.49,8.69,8.45,8.49
5/24/2011,8.55,8.57,8.37,8.39
5/25/2011,8.37,8.47,8.31,8.43
5/26/2011,8.45,8.5,8.36,8.48
5/27/2011,8.53,8.6,8.44,8.49
5/31/2011,8.56,8.71,8.53,8.68
6/1/2011,8.65,8.68,8.36,8.37
6/2/2011,8.39,8.44,8.21,8.24
6/3/2011,8.09,8.17,7.92,7.97
6/6/2011,7.97,7.99,7.77,7.8
6/7/2011,7.87,7.95,7.71,7.71
6/8/2011,7.72,7.89,7.54,7.62
6/9/2011,7.65,7.73,7.59,7.64
6/10/2011,7.63,7.67,7.44,7.59
6/13/2011,7.6,7.63,7.45,7.54
6/14/2011,7.67,7.79,7.61,7.67
6/15/2011,7.58,7.66,7.45,7.5
6/16/2011,7.65,7.73,7.05,7.19
6/17/2011,7.29,7.29,6.96,7
6/20/2011,6.96,7,6.72,6.89
6/21/2011,6.98,7.25,6.95,7.22
6/22/2011,7.15,7.19,7.05,7.06
6/23/2011,6.98,7.08,6.74,7.06
6/24/2011,7.02,7.03,6.86,6.9
6/27/2011,6.91,6.96,6.83,6.92
6/28/2011,6.95,7.08,6.9,6.95
6/29/2011,7,7.05,6.79,6.89
6/30/2011,6.93,7.12,6.9,6.99
7/1/2011,6.99,7.13,6.89,7.11
7/5/2011,7.11,7.16,7.06,7.14
7/6/2011,7.1,7.11,7,7
7/7/2011,7.08,7.2,7.05,7.15
7/8/2011,7.06,7.06,6.92,6.95
7/11/2011,6.8,6.9,6.75,6.76
7/12/2011,6.72,6.72,6.31,6.43
7/13/2011,6.49,6.63,6.4,6.48
7/14/2011,6.45,6.59,6.35,6.44
7/15/2011,6.45,6.53,6.39,6.43
7/18/2011,6.37,6.43,6.09,6.18
7/19/2011,6.29,6.55,6.23,6.48
7/20/2011,6.56,6.62,6.4,6.6
7/21/2011,6.59,6.61,6.44,6.5
7/22/2011,7.09,7.79,7.07,7.75
7/25/2011,7.62,7.77,7.43,7.63
7/26/2011,7.67,7.87,7.63,7.66
7/27/2011,7.6,7.71,7.44,7.51
7/28/2011,7.5,7.63,7.36,7.42
7/29/2011,7.32,7.49,7.21,7.34
8/1/2011,7.54,7.58,7.1,7.22
8/2/2011,7.18,7.24,6.87,7.11
8/3/2011,7.06,7.23,6.84,7.16
8/4/2011,7.05,7.05,6.5,6.5
8/5/2011,6.59,6.75,6.16,6.56
8/8/2011,6.03,6.25,5.9,5.94
8/9/2011,6.08,6.19,5.79,6.18
8/10/2011,5.63,6.19,5.6,5.85
8/11/2011,5.93,6.26,5.87,6.17
8/12/2011,6.31,6.42,6.18,6.21
8/15/2011,6.28,6.45,6.22,6.43
8/16/2011,6.36,6.43,6.18,6.34
8/17/2011,6.41,6.47,6.08,6.14
8/18/2011,5.9,5.96,5.64,5.79
8/19/2011,5.72,6.09,5.71,5.98
8/22/2011,6.13,6.18,5.95,6.05
8/23/2011,6.08,6.5,5.89,6.5
8/24/2011,6.5,6.51,6.16,6.34
8/25/2011,6.32,6.7,6.29,6.37
8/26/2011,6.3,6.6,6.22,6.49
8/29/2011,6.58,6.83,6.57,6.83
8/30/2011,6.76,6.93,6.69,6.84
8/31/2011,6.84,6.94,6.75,6.83
9/1/2011,6.83,6.87,6.67,6.68
9/2/2011,6.35,6.48,6.28,6.32
9/6/2011,6.09,6.32,6.07,6.27
9/7/2011,6.5,6.76,6.44,6.76
9/8/2011,6.72,6.96,6.63,6.81
9/9/2011,6.69,6.82,6.48,6.52
9/12/2011,6.4,6.75,6.4,6.71
9/13/2011,6.77,7,6.66,6.96
9/14/2011,7.02,7.26,6.98,7.21
9/15/2011,7.3,7.44,7.25,7.34
9/16/2011,7.38,7.42,7.13,7.2
9/19/2011,6.96,7.14,6.85,6.92
9/20/2011,6.96,6.99,6.73,6.74
9/21/2011,6.8,6.85,6.48,6.48
9/22/2011,6.24,6.3,5.9,6.12
9/23/2011,6.01,6.23,5.95,6.17
9/26/2011,6.37,6.43,6.11,6.4
9/27/2011,6.57,6.76,6.44,6.49
9/28/2011,6.51,6.57,6.15,6.15
9/29/2011,5.49,5.65,5.11,5.31
9/30/2011,5.23,5.3,5.07,5.08
10/3/2011,5.03,5.03,4.52,4.53
10/4/2011,4.42,4.72,4.31,4.72
10/5/2011,4.65,4.9,4.52,4.83
10/6/2011,4.91,4.91,4.7,4.85
10/7/2011,4.94,4.99,4.69,4.73
10/10/2011,4.85,4.97,4.75,4.84
10/11/2011,4.86,4.93,4.78,4.86
10/12/2011,4.94,5.07,4.92,4.93
10/13/2011,4.94,4.98,4.85,4.97
10/14/2011,5.04,5.07,4.85,4.92
10/17/2011,4.9,4.9,4.65,4.67
10/18/2011,4.68,4.84,4.57,4.83
10/19/2011,4.9,4.92,4.69,4.73
10/20/2011,4.72,4.76,4.45,4.54
10/21/2011,4.65,4.73,4.61,4.72
10/24/2011,4.74,5.06,4.74,5.06
10/25/2011,5,5.05,4.86,4.91
10/26/2011,4.99,5.13,4.87,5.1
10/27/2011,5.27,5.6,5.17,5.54
10/28/2011,5.83,6.05,5.71,5.94
10/31/2011,5.84,5.96,5.8,5.83
11/1/2011,5.56,5.59,5.29,5.3
11/2/2011,5.45,5.49,5.34,5.46
11/3/2011,5.53,5.77,5.3,5.73
11/4/2011,5.61,5.77,5.49,5.67
11/7/2011,5.67,5.77,5.53,5.68
11/8/2011,5.72,5.78,5.64,5.75
11/9/2011,5.55,5.64,5.38,5.38
11/10/2011,5.49,5.72,5.34,5.66
11/11/2011,5.69,6,5.67,5.95
11/14/2011,5.93,5.99,5.76,5.79
11/15/2011,5.74,5.85,5.7,5.76
11/16/2011,5.71,5.85,5.64,5.68
11/17/2011,5.71,5.74,5.4,5.44
11/18/2011,5.48,5.52,5.4,5.47
11/21/2011,5.34,5.48,5.22,5.42
11/22/2011,5.37,5.46,5.29,5.3
11/23/2011,5.22,5.22,5.01,5.05
11/25/2011,5.03,5.11,4.96,4.99
11/28/2011,5.24,5.35,5.2,5.3
11/29/2011,5.33,5.44,5.3,5.32
11/30/2011,5.49,5.69,5.47,5.69
12/1/2011,5.61,5.74,5.54,5.7
12/2/2011,5.77,5.83,5.65,5.65
12/5/2011,5.75,5.84,5.69,5.76
12/6/2011,5.74,5.78,5.61,5.66
12/7/2011,5.6,5.74,5.53,5.72
12/8/2011,5.64,5.69,5.45,5.47
12/9/2011,5.49,5.56,5.39,5.54
12/12/2011,5.38,5.39,5.22,5.3
12/13/2011,5.33,5.39,5.12,5.18
12/14/2011,5.14,5.18,5.01,5.07
12/15/2011,5.14,5.17,5.01,5.04
12/16/2011,5.08,5.14,5.02,5.13
12/19/2011,5.2,5.2,4.82,4.86
12/20/2011,4.96,5.2,4.95,5.19
12/21/2011,5.12,5.2,4.99,5.08
12/22/2011,5.12,5.5,5.1,5.45
12/23/2011,5.49,5.51,5.35,5.41
12/27/2011,5.4,5.48,5.34,5.38
12/28/2011,5.39,5.42,5.24,5.28
12/29/2011,5.31,5.39,5.27,5.34
12/30/2011,5.34,5.45,5.28,5.4
1/3/2012,5.53,5.59,5.44,5.48
1/4/2012,5.47,5.49,5.41,5.46
1/5/2012,5.45,5.57,5.35,5.46
1/6/2012,5.44,5.52,5.39,5.43
1/9/2012,5.42,5.6,5.38,5.59
1/10/2012,5.66,5.75,5.64,5.71
1/11/2012,5.68,5.84,5.68,5.81
1/12/2012,5.83,5.85,5.71,5.82
1/13/2012,5.76,5.79,5.63,5.66
1/17/2012,5.77,5.84,5.71,5.73
1/18/2012,5.73,6.03,5.73,5.97
1/19/2012,6.02,6.24,5.98,6.22
1/20/2012,6.22,6.49,6.18,6.42
1/23/2012,6.42,6.6,6.39,6.52
1/24/2012,6.47,6.81,6.39,6.53
1/25/2012,6.28,6.78,6.23,6.73
1/26/2012,6.73,6.95,6.68,6.77
1/27/2012,6.72,6.85,6.65,6.82
1/30/2012,6.73,6.78,6.61,6.74
1/31/2012,6.79,6.84,6.69,6.71
2/1/2012,6.83,6.92,6.8,6.9
2/2/2012,6.9,7,6.84,6.93
2/3/2012,7.02,7.12,6.98,7.08
2/6/2012,7.02,7.05,6.9,6.92
2/7/2012,6.96,7.19,6.95,7.13
2/8/2012,7.14,7.39,7.11,7.25
2/9/2012,7.3,7.33,7.13,7.24
2/10/2012,7.08,7.12,6.96,7.05
2/13/2012,7.24,7.37,7.17,7.29
2/14/2012,7.24,7.43,7.24,7.32
2/15/2012,7.38,7.5,7.3,7.3
2/16/2012,7.3,7.6,7.27,7.59
2/17/2012,7.66,7.68,7.42,7.42
2/21/2012,7.44,7.45,7.2,7.28
2/22/2012,7.24,7.27,7,7.14
2/23/2012,7.11,7.3,7.05,7.29
2/24/2012,7.42,7.57,7.38,7.46
2/27/2012,7.4,7.59,7.27,7.47
2/28/2012,7.45,7.61,7.43,7.52
2/29/2012,7.52,7.55,7.34,7.35
3/1/2012,7.47,7.7,7.42,7.51
3/2/2012,7.5,7.63,7.43,7.46
3/5/2012,7.35,7.44,7.03,7.07
3/6/2012,6.91,6.95,6.76,6.9
3/7/2012,7,7.23,6.92,7.17
3/8/2012,7.24,7.5,7.22,7.47
3/9/2012,7.56,7.65,7.53,7.58
3/12/2012,7.55,7.6,7.43,7.5
3/13/2012,7.56,7.79,7.54,7.76
3/14/2012,7.75,7.99,7.73,7.76
3/15/2012,7.96,8.28,7.92,8.25
3/16/2012,8.31,8.33,8.11,8.2
3/19/2012,8.19,8.23,8.08,8.18
3/20/2012,8.05,8.09,7.92,8.06
3/21/2012,8.09,8.18,8.01,8.04
3/22/2012,7.97,8.04,7.9,8.03
3/23/2012,8.05,8.12,7.95,8.09
3/26/2012,8.16,8.25,8.12,8.24
3/27/2012,8.25,8.35,8.17,8.19
3/28/2012,8.17,8.27,7.98,8.08
3/29/2012,7.98,8.12,7.93,8.12
3/30/2012,8.18,8.2,7.95,8.02
4/2/2012,8.03,8.24,7.95,8.2
4/3/2012,8.09,8.17,7.91,7.98
4/4/2012,7.89,7.89,7.6,7.81
4/5/2012,7.61,7.89,7.6,7.87
4/9/2012,7.71,7.85,7.66,7.75
4/10/2012,7.73,7.89,7.52,7.53
4/11/2012,7.64,7.8,7.62,7.64
4/12/2012,7.84,7.95,7.71,7.92
4/13/2012,7.85,7.86,7.68,7.73
4/16/2012,7.8,7.84,7.55,7.7
4/17/2012,7.83,8.01,7.8,7.94
4/18/2012,7.81,8.06,7.79,7.97
4/19/2012,8.01,8.06,7.75,7.97
4/20/2012,8.16,8.21,7.73,7.76
4/23/2012,7.59,7.65,7.39,7.39
4/24/2012,7.44,7.48,7.26,7.31
4/25/2012,7.42,7.48,7.21,7.39
4/26/2012,7.35,7.49,7.31,7.45
4/27/2012,7.44,7.49,7.22,7.33
4/30/2012,7.3,7.46,7.3,7.36
5/1/2012,7.34,7.64,7.31,7.59
5/2/2012,7.51,7.65,7.47,7.63
5/3/2012,7.57,7.72,7.37,7.41
5/4/2012,7.35,7.4,7.13,7.18
5/7/2012,7.13,7.32,7.13,7.18
5/8/2012,7.1,7.12,6.9,7.03
5/9/2012,6.9,6.96,6.72,6.86
5/10/2012,6.58,6.85,6.48,6.78
5/11/2012,6.73,7.03,6.72,6.78
5/14/2012,6.69,6.89,6.63,6.75
5/15/2012,6.76,6.82,6.53,6.6
5/16/2012,6.66,6.76,6.39,6.39
5/17/2012,6.38,6.42,6.11,6.13
5/18/2012,6.19,6.29,6,6.01
5/21/2012,6.1,6.34,6.06,6.3
5/22/2012,6.17,6.27,6.08,6.16
5/23/2012,5.98,6.08,5.89,6.08
5/24/2012,6.09,6.1,5.96,6.02
5/25/2012,6.02,6.22,5.99,6.22
5/29/2012,6.23,6.46,6.22,6.46
5/30/2012,6.35,6.39,6.15,6.15
5/31/2012,6.12,6.14,5.93,6.08
6/1/2012,5.9,5.9,5.63,5.73
6/4/2012,5.76,5.83,5.52,5.63
6/5/2012,5.66,5.84,5.64,5.83
6/6/2012,5.91,6.1,5.91,6.02
6/7/2012,6.1,6.14,5.72,5.76
6/8/2012,5.73,5.92,5.71,5.91
6/11/2012,6.01,6.02,5.68,5.69
6/12/2012,5.76,5.92,5.75,5.91
6/13/2012,5.89,5.95,5.75,5.76
6/14/2012,5.75,5.81,5.7,5.76
6/15/2012,5.77,5.88,5.73,5.87
6/18/2012,5.85,6,5.8,5.93
6/19/2012,5.93,6,5.8,5.81
6/20/2012,5.87,6.09,5.79,6.06
6/21/2012,6.04,6.04,5.71,5.72
6/22/2012,5.77,5.82,5.63,5.73
6/25/2012,5.64,5.64,5.38,5.41
6/26/2012,5.44,5.5,5.39,5.44
6/27/2012,5.47,5.53,5.4,5.5
6/28/2012,5.45,5.47,5.32,5.41
6/29/2012,5.59,5.73,5.58,5.73
7/2/2012,5.75,5.78,5.66,5.75
7/3/2012,5.78,6.08,5.77,6.03
7/5/2012,5.8,5.98,5.79,5.88
7/6/2012,5.8,5.83,5.68,5.75
7/9/2012,5.69,5.78,5.61,5.62
7/10/2012,5.08,5.4,4.95,4.99
7/11/2012,5.02,5.04,4.86,4.89
7/12/2012,4.85,4.96,4.81,4.88
7/13/2012,4.89,4.95,4.83,4.9
7/16/2012,4.85,4.87,4.74,4.83
7/17/2012,4.85,4.93,4.71,4.87
7/18/2012,4.83,5.02,4.76,4.89
7/19/2012,4.93,5.07,4.82,4.86
7/20/2012,4.62,4.62,4.2,4.22
7/23/2012,4.15,4.16,4.03,4.15
7/24/2012,4.18,4.2,4,4.06
7/25/2012,4.11,4.15,3.98,4.01
7/26/2012,4.05,4.09,4,4.04
7/27/2012,4.09,4.12,4.02,4.09
7/30/2012,4.08,4.13,4.06,4.1
7/31/2012,4.09,4.15,4.05,4.06
8/1/2012,4.09,4.15,3.99,4.05
8/2/2012,4.03,4.12,3.89,3.97
8/3/2012,4.01,4.1,3.98,4.09
8/6/2012,4.1,4.12,3.95,4.01
8/7/2012,4.04,4.12,4.01,4.02
8/8/2012,4.05,4.47,4.03,4.4
8/9/2012,4.41,4.41,4.23,4.37
8/10/2012,4.23,4.37,4.22,4.34
8/13/2012,4.31,4.32,4.21,4.26
8/14/2012,4.31,4.35,4.11,4.12
8/15/2012,4.11,4.23,4.1,4.19
8/16/2012,4.19,4.24,4.13,4.17
8/17/2012,4.17,4.2,4.08,4.1
8/20/2012,4.1,4.1,3.98,4.09
8/21/2012,4.1,4.18,4.03,4.07
8/22/2012,4.05,4.05,3.96,4.01
8/23/2012,3.98,3.98,3.88,3.9
8/24/2012,3.88,3.95,3.85,3.94
8/27/2012,3.95,3.95,3.82,3.85
8/28/2012,3.84,3.88,3.75,3.79
8/29/2012,3.8,3.84,3.76,3.77
8/30/2012,3.75,3.8,3.7,3.7
8/31/2012,3.77,3.78,3.6,3.72
9/4/2012,3.69,3.71,3.6,3.64
9/5/2012,3.57,3.63,3.43,3.51
9/6/2012,3.55,3.66,3.53,3.66
9/7/2012,3.62,3.62,3.43,3.45
9/10/2012,3.49,3.59,3.46,3.47
9/11/2012,3.52,3.77,3.48,3.75
9/12/2012,3.83,3.92,3.75,3.89
9/13/2012,3.82,3.94,3.75,3.92
9/14/2012,3.96,3.99,3.85,3.9
9/17/2012,3.9,4.02,3.82,4.01
9/18/2012,3.7,3.9,3.6,3.62
9/19/2012,3.66,3.71,3.58,3.66
9/20/2012,3.64,3.66,3.59,3.59
9/21/2012,3.63,3.68,3.58,3.6
9/24/2012,3.54,3.55,3.45,3.46
9/25/2012,3.48,3.5,3.28,3.28
9/26/2012,3.27,3.42,3.22,3.32
9/27/2012,3.36,3.5,3.34,3.43
9/28/2012,3.43,3.44,3.35,3.37
10/1/2012,3.39,3.41,3.26,3.28
10/2/2012,3.3,3.41,3.17,3.27
10/3/2012,3.28,3.29,3.1,3.12
10/4/2012,3.17,3.25,3.09,3.22
10/5/2012,3.24,3.28,3.17,3.22
10/8/2012,3.21,3.24,3.15,3.19
10/9/2012,3.18,3.26,3.15,3.25
10/10/2012,3.22,3.22,3.13,3.15
10/11/2012,3.19,3.24,3.13,3.2
10/12/2012,2.86,2.99,2.74,2.74
10/15/2012,2.79,2.83,2.73,2.75
10/16/2012,2.77,2.78,2.66,2.68
10/17/2012,2.66,2.8,2.64,2.77
10/18/2012,2.76,2.78,2.6,2.62
10/19/2012,2.54,2.62,2.17,2.18
10/22/2012,2.23,2.23,2.09,2.1
10/23/2012,2.06,2.21,2.03,2.14
10/24/2012,2.17,2.22,2.06,2.08
10/25/2012,2.1,2.15,2.07,2.12
10/26/2012,2.13,2.14,2.06,2.07
10/31/2012,2.13,2.14,2.05,2.05
11/1/2012,2.07,2.14,2.05,2.14
11/2/2012,2.15,2.15,2.07,2.1
11/5/2012,2.1,2.12,2.06,2.11
11/6/2012,2.12,2.14,2.06,2.07
11/7/2012,2.07,2.1,2.01,2.01
11/8/2012,2.03,2.06,1.96,1.98
11/9/2012,2,2.07,1.97,2.03
11/12/2012,2.04,2.06,1.99,1.99
11/13/2012,1.98,2.35,1.97,2.09
11/14/2012,2.04,2.05,1.92,1.93
11/15/2012,1.93,1.93,1.86,1.87
11/16/2012,1.87,1.9,1.81,1.86
11/19/2012,1.9,1.95,1.89,1.92
11/20/2012,1.92,1.92,1.86,1.88
11/21/2012,1.89,1.92,1.86,1.87
11/23/2012,1.92,1.97,1.92,1.95
11/26/2012,1.96,1.97,1.84,1.87
11/27/2012,1.87,1.89,1.85,1.88
11/28/2012,1.88,1.99,1.86,1.96
11/29/2012,2.01,2.12,2.01,2.04
11/30/2012,2.16,2.22,2.11,2.2
12/3/2012,2.28,2.46,2.26,2.36
12/4/2012,2.48,2.48,2.21,2.26
12/5/2012,2.3,2.32,2.25,2.29
12/6/2012,2.33,2.39,2.27,2.34
12/7/2012,2.38,2.39,2.29,2.36
12/10/2012,2.35,2.39,2.31,2.32
12/11/2012,2.34,2.36,2.3,2.33
12/12/2012,2.37,2.44,2.36,2.37
12/13/2012,2.4,2.44,2.38,2.41
12/14/2012,2.43,2.44,2.39,2.39
12/17/2012,2.41,2.46,2.39,2.46
12/18/2012,2.5,2.53,2.47,2.52
12/19/2012,2.55,2.57,2.49,2.52
12/20/2012,2.53,2.53,2.37,2.4
12/21/2012,2.33,2.59,2.25,2.59
12/24/2012,2.54,2.57,2.47,2.48
12/26/2012,2.49,2.53,2.42,2.43
12/27/2012,2.42,2.43,2.34,2.39
12/28/2012,2.3,2.36,2.25,2.28
12/31/2012,2.29,2.42,2.28,2.4
1/2/2013,2.55,2.57,2.45,2.53
1/3/2013,2.52,2.59,2.46,2.49
1/4/2013,2.51,2.59,2.49,2.59
1/7/2013,2.61,2.7,2.6,2.67
1/8/2013,2.72,2.76,2.64,2.67
1/9/2013,2.7,2.72,2.6,2.63
1/10/2013,2.69,2.7,2.61,2.62
1/11/2013,2.63,2.68,2.55,2.67
1/14/2013,2.68,2.7,2.62,2.64
1/15/2013,2.62,2.7,2.6,2.68
1/16/2013,2.67,2.76,2.63,2.72
1/17/2013,2.76,2.78,2.71,2.74
1/18/2013,2.65,2.68,2.43,2.46
1/22/2013,2.52,2.54,2.43,2.45
1/23/2013,2.62,2.75,2.59,2.73
1/24/2013,2.7,2.84,2.67,2.79
1/25/2013,2.84,2.93,2.82,2.85
1/28/2013,2.89,2.92,2.78,2.82
1/29/2013,2.86,2.86,2.69,2.74
1/30/2013,2.75,2.78,2.63,2.65
1/31/2013,2.7,2.71,2.45,2.6
2/1/2013,2.63,2.68,2.57,2.6
2/4/2013,2.63,2.64,2.52,2.52
2/5/2013,2.55,2.6,2.49,2.6
2/6/2013,2.59,2.64,2.56,2.6
2/7/2013,2.61,2.63,2.56,2.57
2/8/2013,2.58,2.6,2.58,2.59
2/11/2013,2.59,2.7,2.59,2.67
2/12/2013,2.71,2.78,2.69,2.77
2/13/2013,2.81,2.83,2.73,2.75
2/14/2013,2.74,2.75,2.69,2.75
2/15/2013,2.77,2.79,2.7,2.71
2/19/2013,2.75,2.82,2.73,2.82
2/20/2013,2.84,2.84,2.68,2.7
2/21/2013,2.69,2.69,2.52,2.6
2/22/2013,2.64,2.67,2.55,2.61
2/25/2013,2.64,2.65,2.53,2.53
2/26/2013,2.54,2.55,2.44,2.46
2/27/2013,2.48,2.55,2.45,2.53
2/28/2013,2.56,2.57,2.48,2.49
3/1/2013,2.5,2.51,2.42,2.42
3/4/2013,2.44,2.45,2.36,2.4
3/5/2013,2.45,2.47,2.4,2.43
3/6/2013,2.45,2.46,2.4,2.43
3/7/2013,2.44,2.57,2.43,2.55
3/8/2013,2.57,2.64,2.52,2.56
3/11/2013,2.57,2.6,2.51,2.59
3/12/2013,2.59,2.63,2.57,2.61
3/13/2013,2.62,2.63,2.57,2.6
3/14/2013,2.62,2.63,2.58,2.63
3/15/2013,2.6,2.62,2.58,2.6
3/18/2013,2.59,2.68,2.55,2.65
3/19/2013,2.66,2.7,2.62,2.67
3/20/2013,2.7,2.75,2.69,2.75
3/21/2013,2.73,2.75,2.63,2.64
3/22/2013,2.66,2.67,2.53,2.54
3/25/2013,2.57,2.6,2.49,2.51
3/26/2013,2.52,2.54,2.5,2.54
3/27/2013,2.5,2.62,2.5,2.55
3/28/2013,2.55,2.57,2.52,2.55
4/1/2013,2.54,2.57,2.42,2.44
4/2/2013,2.45,2.45,2.38,2.39
4/3/2013,2.4,2.41,2.32,2.32
4/4/2013,2.34,2.37,2.32,2.33
4/5/2013,2.3,2.31,2.28,2.29
4/8/2013,2.31,2.61,2.26,2.59
4/9/2013,2.58,2.63,2.44,2.63
4/10/2013,2.65,2.66,2.57,2.61
4/11/2013,2.55,2.57,2.46,2.52
4/12/2013,2.5,2.5,2.43,2.48
4/15/2013,2.45,2.47,2.4,2.4
4/16/2013,2.43,2.44,2.4,2.44
4/17/2013,2.41,2.47,2.4,2.4
4/18/2013,2.4,2.56,2.29,2.51
4/19/2013,2.44,2.5,2.39,2.47
4/22/2013,2.47,2.51,2.43,2.46
4/23/2013,2.5,2.55,2.47,2.53
4/24/2013,2.54,2.62,2.52,2.61
4/25/2013,2.63,2.72,2.63,2.68
4/26/2013,2.66,2.68,2.6,2.64
4/29/2013,2.66,2.7,2.65,2.68
4/30/2013,2.68,2.82,2.67,2.82
5/1/2013,2.81,3.28,2.79,3.22
5/2/2013,3.16,3.48,3.14,3.41
5/3/2013,3.47,3.8,3.47,3.6
5/6/2013,3.72,3.75,3.53,3.61
5/7/2013,3.65,3.67,3.44,3.54
5/8/2013,3.54,3.85,3.47,3.83
5/9/2013,3.91,3.99,3.83,3.86
5/10/2013,3.79,3.97,3.79,3.95
5/13/2013,3.95,4.22,3.94,4.17
5/14/2013,4.31,4.32,4.18,4.26
5/15/2013,4.29,4.42,4.26,4.38
5/16/2013,3.9,3.94,3.66,3.83
5/17/2013,3.93,4.1,3.9,4.07
5/20/2013,4.18,4.2,4.07,4.1
5/21/2013,4.15,4.2,3.95,4.02
5/22/2013,4.08,4.1,3.91,3.96
5/23/2013,3.81,4.05,3.79,4.01
5/24/2013,4.03,4.06,3.97,4.05
5/28/2013,4.13,4.15,4.02,4.05
5/29/2013,4.01,4.05,3.96,3.98
5/30/2013,4,4.06,3.99,4.04
5/31/2013,4.07,4.11,3.99,4
6/3/2013,4.02,4.03,3.81,3.96
6/4/2013,3.95,4.04,3.94,4.01
6/5/2013,4.01,4.03,3.89,3.91
6/6/2013,3.87,3.94,3.81,3.94
6/7/2013,3.98,3.99,3.88,3.91
6/10/2013,3.95,4.08,3.92,4.06
6/11/2013,4,4.11,3.96,3.96
6/12/2013,4,4.03,3.9,3.9
6/13/2013,3.9,3.96,3.87,3.95
6/14/2013,3.98,4.04,3.91,3.94
6/17/2013,4.12,4.14,4.02,4.05
6/18/2013,4.1,4.11,4.05,4.09
6/19/2013,4.15,4.18,4.04,4.07
6/20/2013,4.02,4.03,3.86,3.87
6/21/2013,3.97,4.04,3.9,4
6/24/2013,4.07,4.09,3.99,4.05
6/25/2013,4.11,4.15,4.06,4.15
6/26/2013,4.2,4.21,4.12,4.14
6/27/2013,4.19,4.19,4.06,4.08
6/28/2013,4.08,4.12,4.02,4.08
7/1/2013,4.11,4.13,4.07,4.1
7/2/2013,4.09,4.12,3.95,3.97
7/3/2013,4,4.07,3.96,4.06
7/5/2013,4.08,4.1,4.03,4.07
7/8/2013,4.08,4.09,3.98,4
7/9/2013,4.02,4.08,4.01,4.05
7/10/2013,4.06,4.06,3.96,3.98
7/11/2013,4.22,4.45,4.16,4.45
7/12/2013,4.48,4.5,4.26,4.32
7/15/2013,4.34,4.4,4.31,4.4
7/16/2013,4.41,4.49,4.25,4.43
7/17/2013,4.44,4.45,4.33,4.38
7/18/2013,4.38,4.65,4.37,4.64
7/19/2013,3.99,4.08,3.85,4.03
7/22/2013,4.01,4.01,3.89,3.9
7/23/2013,3.88,3.88,3.64,3.66
7/24/2013,3.69,3.75,3.58,3.63
7/25/2013,3.64,3.74,3.6,3.7
7/26/2013,3.7,3.83,3.66,3.82
7/29/2013,3.87,3.89,3.75,3.75
7/30/2013,3.79,3.85,3.75,3.82
7/31/2013,3.85,3.9,3.77,3.77
8/1/2013,3.81,3.87,3.78,3.81
8/2/2013,3.8,3.84,3.77,3.8
8/5/2013,3.83,3.84,3.8,3.82
8/6/2013,3.81,3.82,3.71,3.72
8/7/2013,3.68,3.7,3.57,3.69
8/8/2013,3.71,3.73,3.61,3.71
8/9/2013,3.69,3.7,3.63,3.65
8/12/2013,3.62,3.72,3.61,3.65
8/13/2013,3.67,3.71,3.63,3.69
8/14/2013,3.68,3.83,3.65,3.82
8/15/2013,3.76,3.84,3.65,3.69
8/16/2013,3.69,3.71,3.65,3.66
8/19/2013,3.67,3.68,3.59,3.6
8/20/2013,3.62,3.69,3.59,3.63
8/21/2013,3.62,3.68,3.6,3.61
8/22/2013,3.63,3.65,3.6,3.63
8/23/2013,3.67,3.74,3.61,3.65
8/26/2013,3.65,3.66,3.58,3.58
8/27/2013,3.55,3.55,3.33,3.39
8/28/2013,3.35,3.49,3.33,3.42
8/29/2013,3.43,3.48,3.37,3.38
8/30/2013,3.38,3.41,3.25,3.27
9/3/2013,3.32,3.35,3.25,3.27
9/4/2013,3.28,3.34,3.25,3.31
9/5/2013,3.32,3.49,3.3,3.41
9/6/2013,3.54,3.6,3.43,3.57
9/9/2013,3.63,3.72,3.62,3.69
9/10/2013,3.78,3.87,3.77,3.87
9/11/2013,3.87,3.89,3.74,3.82
9/12/2013,3.76,3.8,3.69,3.75
9/13/2013,3.75,3.87,3.72,3.83
9/16/2013,3.9,3.9,3.79,3.82
9/17/2013,3.83,3.9,3.77,3.85
9/18/2013,3.85,3.95,3.83,3.93
9/19/2013,3.96,4,3.92,3.95
9/20/2013,3.91,3.96,3.79,3.83
9/23/2013,3.81,3.87,3.77,3.79
9/24/2013,3.79,3.89,3.75,3.8
9/25/2013,3.82,3.94,3.79,3.91
9/26/2013,3.94,3.98,3.88,3.89
9/27/2013,3.87,3.91,3.83,3.86
9/30/2013,3.79,3.86,3.75,3.81
10/1/2013,3.82,3.94,3.81,3.86
10/2/2013,3.83,3.94,3.82,3.9
10/3/2013,3.93,3.94,3.86,3.9
10/4/2013,3.91,3.95,3.89,3.91
10/7/2013,3.87,3.91,3.83,3.86
10/8/2013,3.87,3.89,3.68,3.72
10/9/2013,3.75,3.75,3.55,3.65
10/10/2013,3.72,3.8,3.72,3.79
10/11/2013,3.78,3.85,3.75,3.83
10/14/2013,3.87,4.05,3.85,3.97
10/15/2013,4.03,4.1,4.01,4.02
10/16/2013,4.1,4.1,4.03,4.09
10/17/2013,4.12,4.13,4.06,4.09
10/18/2013,3.56,3.66,3.51,3.53
10/21/2013,3.56,3.56,3.3,3.37
10/22/2013,3.32,3.34,3.12,3.18
10/23/2013,3.2,3.25,3.04,3.14
10/24/2013,3.21,3.3,3.16,3.23
10/25/2013,3.29,3.39,3.29,3.34
10/28/2013,3.38,3.39,3.32,3.32
10/29/2013,3.34,3.37,3.32,3.33
10/30/2013,3.35,3.36,3.3,3.3
10/31/2013,3.31,3.35,3.25,3.34
11/1/2013,3.37,3.37,3.3,3.31
11/4/2013,3.34,3.38,3.29,3.32
11/5/2013,3.32,3.35,3.29,3.33
11/6/2013,3.33,3.35,3.3,3.32
11/7/2013,3.33,3.33,3.23,3.28
11/8/2013,3.26,3.29,3.2,3.27
11/11/2013,3.29,3.34,3.25,3.34
11/12/2013,3.34,3.45,3.33,3.44
11/13/2013,3.5,3.55,3.46,3.54
11/14/2013,3.55,3.57,3.47,3.52
11/15/2013,3.53,3.53,3.48,3.5
11/18/2013,3.53,3.54,3.47,3.47
11/19/2013,3.46,3.48,3.36,3.42
11/20/2013,3.44,3.46,3.4,3.42
11/21/2013,3.43,3.44,3.35,3.37
11/22/2013,3.38,3.39,3.33,3.34
11/25/2013,3.36,3.4,3.34,3.39
11/26/2013,3.42,3.48,3.4,3.45
11/27/2013,3.48,3.58,3.46,3.56
11/29/2013,3.6,3.68,3.58,3.64
12/2/2013,3.65,3.7,3.56,3.66
12/3/2013,3.64,3.71,3.58,3.62
12/4/2013,3.57,3.63,3.48,3.57
12/5/2013,3.56,3.65,3.55,3.64
12/6/2013,3.67,3.7,3.63,3.66
12/9/2013,3.66,3.7,3.63,3.63
12/10/2013,3.63,3.78,3.6,3.72
12/11/2013,3.74,3.77,3.66,3.68
12/12/2013,3.68,3.75,3.65,3.69
12/13/2013,3.7,3.72,3.65,3.69
12/16/2013,3.64,3.66,3.51,3.59
12/17/2013,3.6,3.67,3.58,3.65
12/18/2013,3.64,3.67,3.6,3.65
12/19/2013,3.64,3.68,3.6,3.65
12/20/2013,3.64,3.7,3.64,3.69
12/23/2013,3.74,3.78,3.72,3.75
12/24/2013,3.77,3.8,3.75,3.77
12/26/2013,3.8,3.85,3.79,3.8
12/27/2013,3.82,3.83,3.76,3.78
12/30/2013,3.79,3.88,3.78,3.85
12/31/2013,3.87,3.88,3.83,3.87
1/2/2014,3.85,3.98,3.84,3.95
1/3/2014,3.98,4,3.88,4
1/6/2014,4.01,4.18,3.99,4.13
1/7/2014,4.19,4.25,4.11,4.18
1/8/2014,4.23,4.26,4.14,4.18
1/9/2014,4.2,4.23,4.05,4.09
1/10/2014,4.09,4.2,4.07,4.17
1/13/2014,4.19,4.2,4.09,4.13
1/14/2014,4.14,4.3,4.13,4.3
1/15/2014,4.34,4.6,4.32,4.47
1/16/2014,4.5,4.51,4.32,4.38
1/17/2014,4.15,4.35,4.11,4.18
1/21/2014,4.31,4.34,4.13,4.17
1/22/2014,3.79,3.82,3.66,3.67
1/23/2014,3.67,3.68,3.58,3.62
1/24/2014,3.6,3.61,3.41,3.47
1/27/2014,3.48,3.49,3.35,3.41
1/28/2014,3.43,3.57,3.41,3.54
1/29/2014,3.52,3.56,3.45,3.48
1/30/2014,3.51,3.52,3.45,3.48
1/31/2014,3.45,3.47,3.43,3.43
2/3/2014,3.43,3.44,3.33,3.33
2/4/2014,3.35,3.43,3.3,3.37
2/5/2014,3.36,3.37,3.29,3.31
2/6/2014,3.32,3.46,3.32,3.41
2/7/2014,3.46,3.5,3.42,3.47
2/10/2014,3.5,3.64,3.45,3.63
2/11/2014,3.66,3.75,3.65,3.7
2/12/2014,3.71,3.73,3.63,3.69
2/13/2014,3.64,3.71,3.64,3.7
2/14/2014,3.7,3.72,3.64,3.69
2/18/2014,3.69,3.72,3.65,3.7
2/19/2014,3.7,3.74,3.68,3.72
2/20/2014,3.72,3.75,3.66,3.69
2/21/2014,3.71,3.75,3.66,3.69
2/24/2014,3.71,3.73,3.7,3.71
2/25/2014,3.73,3.74,3.66,3.69
2/26/2014,3.7,3.72,3.63,3.7
2/27/2014,3.69,3.77,3.68,3.71
2/28/2014,3.73,3.77,3.7,3.71
3/3/2014,3.66,3.7,3.6,3.67
3/4/2014,3.7,3.73,3.68,3.7
3/5/2014,3.7,3.73,3.69,3.71
3/6/2014,3.72,3.75,3.71,3.73
3/7/2014,3.75,4.02,3.75,3.95
3/10/2014,4.04,4.06,3.8,3.81
3/11/2014,3.86,4.01,3.83,3.85
3/12/2014,3.86,3.93,3.85,3.91
3/13/2014,3.94,3.99,3.84,3.86
3/14/2014,3.84,3.9,3.82,3.85
3/17/2014,3.88,3.91,3.78,3.8
3/18/2014,3.82,3.91,3.81,3.89
3/19/2014,3.91,4,3.9,3.98
3/20/2014,3.96,4.05,3.9,4.05
3/21/2014,4.07,4.14,4.01,4.04
3/24/2014,4.05,4.14,3.98,4.05
3/25/2014,4.09,4.12,4.02,4.05
3/26/2014,4.08,4.1,4.02,4.05
3/27/2014,3.99,4.07,3.87,3.91
3/28/2014,3.93,3.97,3.87,3.88
3/31/2014,3.93,4.02,3.9,4.01
4/1/2014,4.04,4.1,4.02,4.07
4/2/2014,4.12,4.12,4.06,4.06
4/3/2014,4.07,4.1,3.97,4
4/4/2014,4.03,4.11,3.92,4.01
4/7/2014,3.98,3.99,3.83,3.88
4/8/2014,3.89,4,3.83,3.99
4/9/2014,4.01,4.02,3.95,3.98
4/10/2014,3.97,4.01,3.84,3.85
4/11/2014,3.82,3.85,3.65,3.65
4/14/2014,3.72,3.78,3.65,3.71
4/15/2014,3.74,3.82,3.72,3.79
4/16/2014,3.81,3.83,3.73,3.76
4/17/2014,3.78,3.8,3.69,3.69
4/21/2014,4.01,4.2,3.96,4.12
4/22/2014,4.13,4.31,4.11,4.3
4/23/2014,4.28,4.3,4.16,4.25
4/24/2014,4.27,4.35,4.2,4.28
4/25/2014,4.22,4.26,4.04,4.05
4/28/2014,4.09,4.12,3.87,3.96
4/29/2014,4.02,4.03,3.96,4.03
4/30/2014,4,4.1,3.99,4.09
5/1/2014,4.13,4.24,4.1,4.2
5/2/2014,4.17,4.2,4.1,4.12
5/5/2014,4.1,4.14,4.06,4.09
5/6/2014,4.06,4.13,3.98,4.01
5/7/2014,4.04,4.04,3.89,3.97
5/8/2014,3.95,4.03,3.91,3.93
5/9/2014,3.91,3.93,3.85,3.87
5/12/2014,3.87,4,3.86,3.97
5/13/2014,3.99,4.09,3.98,4.03
5/14/2014,4.03,4.06,3.98,3.98
5/15/2014,3.96,3.98,3.89,3.96
5/16/2014,3.95,4.05,3.91,4.02
5/19/2014,4,4.1,3.96,4.09
5/20/2014,4.09,4.11,4,4.05
5/21/2014,4.06,4.1,4.05,4.1
5/22/2014,4.09,4.09,4.01,4.01
5/23/2014,4.03,4.06,3.97,4.02
5/27/2014,4.05,4.06,4.03,4.04
5/28/2014,4.04,4.06,3.99,4
5/29/2014,4.02,4.06,4.01,4.03
5/30/2014,4.02,4.03,3.98,4
6/2/2014,4.03,4.03,3.94,3.97
6/3/2014,3.96,3.98,3.92,3.94
6/4/2014,3.93,4.05,3.93,4.04
6/5/2014,4.04,4.09,4.02,4.08
6/6/2014,4.09,4.11,4.06,4.06
6/9/2014,4.05,4.1,4.04,4.07
6/10/2014,4.1,4.23,4.1,4.2
6/11/2014,4.18,4.3,4.17,4.29
6/12/2014,4.33,4.44,4.28,4.29
6/13/2014,4.36,4.39,4.24,4.28
6/16/2014,4.26,4.44,4.26,4.44
6/17/2014,4.41,4.5,4.41,4.47
6/18/2014,4.5,4.5,4.35,4.4
6/19/2014,4.42,4.45,4.33,4.36
6/20/2014,4.34,4.37,4.07,4.1
6/23/2014,4.06,4.08,3.9,4.01
6/24/2014,4.01,4.07,3.93,3.94
6/25/2014,3.95,4,3.94,3.96
6/26/2014,3.95,4.09,3.94,4.03
6/27/2014,4.06,4.11,4.04,4.11
6/30/2014,4.12,4.25,4.08,4.19
7/1/2014,4.21,4.26,4.17,4.22
7/2/2014,4.23,4.35,4.22,4.34
7/3/2014,4.36,4.4,4.14,4.24
7/7/2014,4.23,4.31,4.21,4.26
7/8/2014,4.25,4.3,4.1,4.22
7/9/2014,4.21,4.29,4.2,4.23
7/10/2014,4.18,4.36,4.14,4.29
7/11/2014,4.3,4.4,4.29,4.37
7/14/2014,4.44,4.65,4.39,4.64
7/15/2014,4.63,4.8,4.41,4.53
7/16/2014,4.6,4.77,4.57,4.66
7/17/2014,4.66,4.68,4.5,4.57
7/18/2014,3.73,3.84,3.67,3.83
7/21/2014,3.86,3.87,3.75,3.78
7/22/2014,3.82,3.86,3.78,3.8
7/23/2014,3.82,3.83,3.75,3.76
7/24/2014,3.75,3.8,3.71,3.73
7/25/2014,3.73,3.79,3.69,3.76
7/28/2014,3.77,3.78,3.68,3.73
7/29/2014,3.74,3.84,3.73,3.79
7/30/2014,3.82,3.88,3.77,3.82
7/31/2014,3.8,3.99,3.78,3.91
8/1/2014,3.91,4.01,3.87,3.97
8/4/2014,3.97,4.02,3.93,4
8/5/2014,3.99,4.11,3.97,4.08
8/6/2014,4.06,4.14,4.03,4.12
8/7/2014,4.14,4.2,4.07,4.1
8/8/2014,4.1,4.15,4.05,4.12
8/11/2014,4.03,4.19,3.99,4.14
8/12/2014,4.12,4.14,4.08,4.08
8/13/2014,4.08,4.15,4.03,4.11
8/14/2014,4.1,4.17,4.08,4.08
8/15/2014,4.12,4.14,4.07,4.13
8/18/2014,4.14,4.22,4.14,4.21
8/19/2014,4.2,4.3,4.2,4.27
8/20/2014,4.25,4.32,4.22,4.28
8/21/2014,4.29,4.29,4.21,4.24
8/22/2014,4.22,4.28,4.21,4.25
8/25/2014,4.27,4.27,4.18,4.18
8/26/2014,4.17,4.22,4.13,4.19
8/27/2014,4.2,4.21,4.15,4.16
8/28/2014,4.14,4.19,4.07,4.14
8/29/2014,4.15,4.19,4.14,4.17
9/2/2014,4.16,4.25,4.15,4.16
9/3/2014,4.17,4.23,4.17,4.19
9/4/2014,4.18,4.25,4.15,4.15
9/5/2014,4.17,4.19,4.15,4.15
9/8/2014,4.13,4.18,4.1,4.13
9/9/2014,4.15,4.16,4.08,4.08
9/10/2014,4.08,4.11,4.01,4.08
9/11/2014,4.03,4.08,4.02,4.08
9/12/2014,4.06,4.11,3.96,3.96
9/15/2014,3.98,4.02,3.9,3.91
9/16/2014,3.89,3.9,3.8,3.81
9/17/2014,3.82,3.88,3.8,3.82
9/18/2014,3.88,3.94,3.7,3.88
9/19/2014,3.93,3.94,3.81,3.81
9/22/2014,3.81,3.83,3.75,3.76
9/23/2014,3.76,3.79,3.69,3.69
9/24/2014,3.71,3.75,3.69,3.7
9/25/2014,3.7,3.72,3.6,3.63
9/26/2014,3.63,3.67,3.6,3.6
9/29/2014,3.56,3.66,3.54,3.55
9/30/2014,3.56,3.58,3.4,3.41
10/1/2014,3.39,3.42,3.3,3.35
10/2/2014,3.37,3.44,3.28,3.39
10/3/2014,3.43,3.46,3.37,3.4
10/6/2014,3.42,3.44,3.3,3.36
10/7/2014,3.35,3.38,3.28,3.28
10/8/2014,3.3,3.31,3.18,3.28
10/9/2014,3.03,3.2,2.94,2.95
10/10/2014,2.95,2.95,2.71,2.72
10/13/2014,2.78,2.85,2.73,2.74
10/14/2014,2.61,2.75,2.6,2.62
10/15/2014,2.62,2.71,2.54,2.61
10/16/2014,2.56,2.72,2.54,2.64
10/17/2014,2.67,2.86,2.66,2.72
10/20/2014,2.79,2.8,2.6,2.67
10/21/2014,2.7,2.78,2.68,2.77
10/22/2014,2.79,2.8,2.64,2.64
10/23/2014,2.68,2.71,2.65,2.69
10/24/2014,2.69,2.73,2.67,2.68
10/27/2014,2.68,2.71,2.65,2.66
10/28/2014,2.69,2.77,2.67,2.72
10/29/2014,2.75,2.81,2.73,2.77
10/30/2014,2.79,2.79,2.7,2.75
10/31/2014,2.79,2.83,2.75,2.8
11/3/2014,2.81,2.9,2.81,2.87
11/4/2014,2.9,2.91,2.75,2.83
11/5/2014,2.85,2.87,2.77,2.8
11/6/2014,2.78,2.8,2.75,2.76
11/7/2014,2.77,2.8,2.76,2.78
11/10/2014,2.78,2.81,2.75,2.76
11/11/2014,2.78,2.79,2.72,2.73
11/12/2014,2.73,2.75,2.65,2.71
11/13/2014,2.71,2.74,2.65,2.66
11/14/2014,2.68,2.7,2.61,2.61
11/17/2014,2.62,2.69,2.61,2.67
11/18/2014,2.69,2.73,2.63,2.65
11/19/2014,2.68,2.68,2.61,2.63
11/20/2014,2.6,2.72,2.59,2.69
11/21/2014,2.72,2.77,2.71,2.77
11/24/2014,2.8,2.85,2.8,2.83
11/25/2014,2.84,2.86,2.76,2.83
11/26/2014,2.81,2.84,2.8,2.84
11/28/2014,2.85,2.85,2.77,2.79
12/1/2014,2.77,2.79,2.64,2.67
12/2/2014,2.69,2.71,2.61,2.68
12/3/2014,2.71,2.82,2.69,2.74
12/4/2014,2.75,2.75,2.66,2.69
12/5/2014,2.69,2.7,2.66,2.66
12/8/2014,2.65,2.68,2.52,2.58
12/9/2014,2.55,2.59,2.49,2.59
12/10/2014,2.58,2.58,2.46,2.48
12/11/2014,2.51,2.54,2.46,2.49
12/12/2014,2.46,2.55,2.35,2.52
12/15/2014,2.52,2.6,2.46,2.47
12/16/2014,2.44,2.53,2.42,2.5
12/17/2014,2.5,2.57,2.46,2.55
12/18/2014,2.58,2.59,2.54,2.55
12/19/2014,2.53,2.57,2.51,2.57
12/22/2014,2.55,2.68,2.52,2.66
12/23/2014,2.69,2.72,2.66,2.67
12/24/2014,2.63,2.7,2.63,2.65
12/26/2014,2.65,2.69,2.65,2.65
12/29/2014,2.64,2.66,2.63,2.66
12/30/2014,2.64,2.7,2.63,2.63
12/31/2014,2.64,2.7,2.64,2.67
1/2/2015,2.67,2.67,2.67,2.67
1/5/2015,2.67,2.7,2.64,2.66
1/6/2015,2.65,2.66,2.55,2.63
1/7/2015,2.63,2.65,2.54,2.58
1/8/2015,2.59,2.65,2.56,2.61
1/9/2015,2.63,2.64,2.58,2.63
1/12/2015,2.62,2.64,2.55,2.63
1/13/2015,2.64,2.68,2.6,2.66
1/14/2015,2.6,2.66,2.58,2.63
1/15/2015,2.62,2.65,2.49,2.52
1/16/2015,2.52,2.53,2.39,2.39
1/20/2015,2.39,2.43,2.19,2.24
1/21/2015,2.18,2.45,2.14,2.45
1/22/2015,2.42,2.5,2.37,2.47
1/23/2015,2.48,2.5,2.43,2.45
1/26/2015,2.44,2.64,2.44,2.61
1/27/2015,2.58,2.84,2.56,2.7
1/28/2015,2.71,2.75,2.6,2.63
1/29/2015,2.63,2.69,2.51,2.61
1/30/2015,2.56,2.6,2.51,2.57
2/2/2015,2.69,2.75,2.65,2.67
2/3/2015,2.7,2.8,2.68,2.76
2/4/2015,2.78,2.92,2.76,2.85
2/5/2015,2.88,3.37,2.87,3.31
2/6/2015,3.2,3.21,3,3.03
2/9/2015,3.03,3.07,2.93,3.04
2/10/2015,3.07,3.1,3.01,3.04
2/11/2015,3.03,3.1,3,3.07
2/12/2015,3.08,3.15,3.05,3.12
2/13/2015,3.13,3.18,3.11,3.15
2/17/2015,3.16,3.17,3.08,3.11
2/18/2015,3.11,3.14,3.06,3.08
2/19/2015,3.06,3.08,3.01,3.06
2/20/2015,3.03,3.13,3.02,3.06
2/23/2015,3.05,3.1,3.03,3.06
2/24/2015,3.06,3.12,3.02,3.11
2/25/2015,3.08,3.14,3.06,3.1
2/26/2015,3.1,3.13,3.06,3.08
2/27/2015,3.07,3.12,3.07,3.11
3/2/2015,3.13,3.23,3.11,3.21
3/3/2015,3.2,3.23,3.13,3.14
3/4/2015,3.14,3.14,3.01,3.05
3/5/2015,3.1,3.1,2.98,2.98
3/6/2015,2.96,2.99,2.83,2.92
3/9/2015,2.92,2.98,2.9,2.93
3/10/2015,2.97,2.98,2.92,2.92
3/11/2015,2.92,2.95,2.8,2.84
3/12/2015,2.76,2.79,2.72,2.76
3/13/2015,2.74,2.78,2.71,2.75
3/16/2015,2.75,2.81,2.75,2.76
3/17/2015,2.75,2.8,2.74,2.77
3/18/2015,2.77,2.82,2.72,2.75
3/19/2015,2.76,2.78,2.73,2.74
3/20/2015,2.76,2.8,2.74,2.8
3/23/2015,2.81,2.85,2.8,2.84
3/24/2015,2.85,2.85,2.76,2.79
3/25/2015,2.78,2.79,2.56,2.63
3/26/2015,2.59,2.7,2.53,2.65
3/27/2015,2.7,2.8,2.63,2.72
3/30/2015,2.73,2.76,2.66,2.7
3/31/2015,2.66,2.7,2.65,2.68
4/1/2015,2.66,2.75,2.65,2.69
4/2/2015,2.66,2.7,2.65,2.69
4/6/2015,2.68,2.73,2.68,2.7
4/7/2015,2.7,2.74,2.69,2.7
4/8/2015,2.68,2.74,2.68,2.71
4/9/2015,2.69,2.75,2.69,2.72
4/10/2015,2.74,2.78,2.73,2.76
4/13/2015,2.76,2.8,2.73,2.78
4/14/2015,2.77,2.79,2.65,2.67
4/15/2015,2.7,2.74,2.65,2.7
4/16/2015,2.72,2.94,2.7,2.87
4/17/2015,2.54,2.58,2.45,2.58
4/20/2015,2.56,2.57,2.45,2.49
4/21/2015,2.53,2.53,2.35,2.35
4/22/2015,2.35,2.36,2.25,2.28
4/23/2015,2.28,2.36,2.26,2.33
4/24/2015,2.36,2.38,2.3,2.3
4/27/2015,2.3,2.36,2.29,2.34
4/28/2015,2.36,2.37,2.31,2.31
4/29/2015,2.3,2.33,2.27,2.28
4/30/2015,2.28,2.31,2.26,2.26
5/1/2015,2.26,2.31,2.25,2.31
5/4/2015,2.31,2.36,2.3,2.31
5/5/2015,2.34,2.34,2.25,2.28
5/6/2015,2.29,2.31,2.24,2.29
5/7/2015,2.32,2.32,2.26,2.32
5/8/2015,2.33,2.36,2.3,2.31
5/11/2015,2.31,2.35,2.31,2.32
5/12/2015,2.32,2.35,2.3,2.35
5/13/2015,2.36,2.38,2.35,2.37
5/14/2015,2.38,2.39,2.33,2.33
5/15/2015,2.33,2.38,2.32,2.32
5/18/2015,2.35,2.36,2.33,2.35
5/19/2015,2.36,2.37,2.28,2.28
5/20/2015,2.3,2.33,2.28,2.32
5/21/2015,2.31,2.35,2.28,2.28
5/22/2015,2.3,2.31,2.27,2.28
5/26/2015,2.27,2.28,2.22,2.22
5/27/2015,2.24,2.28,2.2,2.28
5/28/2015,2.28,2.33,2.27,2.27
5/29/2015,2.27,2.32,2.25,2.28
6/1/2015,2.29,2.3,2.25,2.25
6/2/2015,2.26,2.3,2.25,2.3
6/3/2015,2.3,2.32,2.28,2.28
6/4/2015,2.28,2.33,2.26,2.33
6/5/2015,2.31,2.34,2.29,2.33
6/8/2015,2.31,2.33,2.29,2.31
6/9/2015,2.35,2.36,2.28,2.29
6/10/2015,2.31,2.35,2.3,2.32
6/11/2015,2.34,2.35,2.31,2.32
6/12/2015,2.31,2.33,2.3,2.31
6/15/2015,2.32,2.35,2.29,2.32
6/16/2015,2.32,2.37,2.32,2.35
6/17/2015,2.37,2.54,2.35,2.47
6/18/2015,2.5,2.59,2.48,2.52
6/19/2015,2.53,2.59,2.46,2.58
6/22/2015,2.61,2.67,2.58,2.62
6/23/2015,2.62,2.64,2.55,2.61
6/24/2015,2.6,2.66,2.57,2.62
6/25/2015,2.62,2.66,2.57,2.58
6/26/2015,2.54,2.55,2.37,2.47
6/29/2015,2.41,2.42,2.31,2.34
6/30/2015,2.43,2.43,2.35,2.4
7/1/2015,2.47,2.48,2.36,2.42
7/2/2015,2.43,2.63,2.39,2.53
7/6/2015,2.46,2.54,2.44,2.47
7/7/2015,2.04,2.14,2.02,2.09
7/8/2015,2.07,2.07,2.01,2.01
7/9/2015,2.04,2.06,1.93,1.98
7/10/2015,2,2.03,1.95,1.96
7/13/2015,1.97,1.99,1.95,1.96
7/14/2015,2.03,2.06,1.97,2.05
7/15/2015,2.07,2.09,1.95,1.96
7/16/2015,1.97,2,1.87,1.87
7/17/2015,1.87,1.9,1.74,1.79
7/20/2015,1.82,1.84,1.77,1.8
7/21/2015,1.82,1.83,1.78,1.8
7/22/2015,1.8,1.81,1.76,1.79
7/23/2015,1.8,1.81,1.75,1.76
7/24/2015,1.76,1.77,1.65,1.67
7/27/2015,1.67,1.7,1.61,1.62
7/28/2015,1.62,1.77,1.62,1.77
7/29/2015,1.77,1.99,1.76,1.96
7/30/2015,1.94,1.99,1.88,1.93
7/31/2015,1.94,1.99,1.92,1.93
8/3/2015,1.93,2.2,1.9,2.2
8/4/2015,2.18,2.18,2.05,2.13
8/5/2015,2.11,2.21,2.1,2.16
8/6/2015,2.15,2.17,2.1,2.11
8/7/2015,2.1,2.14,2.06,2.09
8/10/2015,1.92,1.98,1.82,1.93
8/11/2015,1.91,1.93,1.88,1.9
8/12/2015,1.88,1.93,1.84,1.9
8/13/2015,1.9,1.91,1.79,1.79
8/14/2015,1.8,1.85,1.79,1.84
8/17/2015,1.82,1.88,1.8,1.8
8/18/2015,1.79,1.82,1.75,1.8
8/19/2015,1.8,1.81,1.76,1.8
8/20/2015,1.79,1.8,1.7,1.7
8/21/2015,1.68,1.8,1.68,1.78
8/24/2015,1.69,1.83,1.65,1.75
8/25/2015,1.82,1.82,1.66,1.66
8/26/2015,1.69,1.73,1.66,1.72
8/27/2015,1.74,1.84,1.74,1.78
8/28/2015,1.75,1.87,1.75,1.85
8/31/2015,1.82,1.87,1.79,1.81
9/1/2015,1.77,1.82,1.71,1.71
9/2/2015,1.75,1.77,1.72,1.77
9/3/2015,1.76,1.85,1.76,1.79
9/4/2015,1.76,1.84,1.76,1.82
9/8/2015,1.85,1.88,1.83,1.88
9/9/2015,1.9,1.97,1.83,1.85
9/10/2015,1.84,1.88,1.83,1.84
9/11/2015,1.88,2.14,1.81,2.01
9/14/2015,2,2,1.81,1.82
9/15/2015,1.84,1.87,1.81,1.86
9/16/2015,1.87,1.9,1.85,1.89
9/17/2015,1.9,1.94,1.87,1.89
9/18/2015,1.87,1.92,1.85,1.87
9/21/2015,1.87,1.9,1.81,1.81
9/22/2015,1.8,1.84,1.72,1.73
9/23/2015,1.76,1.78,1.69,1.7
9/24/2015,1.68,1.73,1.66,1.72
9/25/2015,1.75,1.75,1.68,1.71
9/28/2015,1.69,1.7,1.66,1.66
9/29/2015,1.67,1.69,1.65,1.67
9/30/2015,1.7,1.72,1.68,1.72
10/1/2015,1.77,1.77,1.72,1.74
10/2/2015,1.76,1.83,1.72,1.83
10/5/2015,1.82,1.87,1.77,1.8
10/6/2015,1.8,1.86,1.8,1.83
10/7/2015,1.82,1.87,1.82,1.86
10/8/2015,1.87,1.95,1.85,1.93
10/9/2015,1.92,1.96,1.89,1.96
10/12/2015,1.96,1.96,1.85,1.87
10/13/2015,1.87,1.94,1.86,1.92
10/14/2015,1.92,1.96,1.92,1.95
10/15/2015,1.97,2.06,1.95,1.97
10/16/2015,2,2,1.89,1.94
10/19/2015,1.91,2.01,1.91,2.01
10/20/2015,2,2.03,1.97,2.02
10/21/2015,2.02,2.12,2.01,2.1
10/22/2015,2.1,2.16,2.09,2.14
10/23/2015,2.1,2.21,2.1,2.21
10/26/2015,2.21,2.21,2.12,2.15
10/27/2015,2.12,2.16,2.1,2.15
10/28/2015,2.14,2.2,2.12,2.18
10/29/2015,2.15,2.18,2.11,2.13
10/30/2015,2.14,2.15,2.12,2.12
11/2/2015,2.13,2.19,2.11,2.19
11/3/2015,2.16,2.29,2.16,2.28
11/4/2015,2.27,2.3,2.18,2.2
11/5/2015,2.21,2.24,2.17,2.2
11/6/2015,2.19,2.21,2.13,2.15
11/9/2015,2.15,2.18,2.1,2.11
11/10/2015,2.09,2.1,2.02,2.02
11/11/2015,2.02,2.09,2.02,2.07
11/12/2015,2.05,2.07,2,2
11/13/2015,1.99,2.04,1.94,1.99
11/16/2015,1.99,2.02,1.95,1.99
11/17/2015,2.01,2.04,1.97,1.98
11/18/2015,1.99,2.15,1.98,2.12
11/19/2015,2.1,2.16,2.09,2.14
11/20/2015,2.14,2.25,2.13,2.22
11/23/2015,2.22,2.24,2.18,2.22
11/24/2015,2.2,2.4,2.17,2.34
11/25/2015,2.36,2.4,2.31,2.38
11/27/2015,2.37,2.38,2.32,2.33
11/30/2015,2.34,2.37,2.25,2.36
12/1/2015,2.36,2.37,2.31,2.34
12/2/2015,2.31,2.34,2.23,2.27
12/3/2015,2.25,2.31,2.2,2.23
12/4/2015,2.23,2.29,2.21,2.28
12/7/2015,2.26,2.36,2.21,2.36
12/8/2015,2.34,2.4,2.25,2.39
12/9/2015,2.37,2.4,2.32,2.35
12/10/2015,2.36,2.5,2.33,2.45
12/11/2015,2.41,2.47,2.36,2.36
12/14/2015,2.36,2.39,2.3,2.34
12/15/2015,2.35,2.43,2.32,2.36
12/16/2015,2.39,2.55,2.37,2.54
12/17/2015,2.52,2.6,2.52,2.56
12/18/2015,2.51,2.55,2.42,2.45
12/21/2015,2.47,2.53,2.43,2.53
12/22/2015,2.55,2.78,2.54,2.77
12/23/2015,2.76,2.94,2.75,2.83
12/24/2015,2.88,3,2.86,2.92
12/28/2015,2.91,3.02,2.86,3
12/29/2015,3.04,3.06,2.97,3
12/30/2015,2.99,3.04,2.93,2.98
12/31/2015,2.97,3.01,2.87,2.87
1/4/2016,2.77,2.82,2.63,2.77
1/5/2016,2.77,2.8,2.64,2.75
1/6/2016,2.66,2.71,2.47,2.51
1/7/2016,2.43,2.48,2.26,2.28
1/8/2016,2.36,2.42,2.1,2.14
1/11/2016,2.16,2.36,2.12,2.34
1/12/2016,2.4,2.46,2.28,2.39
1/13/2016,2.4,2.45,2.21,2.25
1/14/2016,2.29,2.35,2.21,2.21
1/15/2016,2.1,2.13,1.99,2.03
1/19/2016,2.08,2.11,1.9,1.95
1/20/2016,1.81,1.95,1.75,1.8
1/21/2016,1.82,2.18,1.81,2.09
1/22/2016,2.11,2.17,1.98,2.02
1/25/2016,2.01,2.15,2.01,2.12
1/26/2016,2.14,2.15,2.03,2.07
1/27/2016,2.08,2.18,2.07,2.13
1/28/2016,2.16,2.17,2.07,2.08
1/29/2016,2.09,2.2,2.07,2.2
2/1/2016,2.17,2.19,2.11,2.14
2/2/2016,2.11,2.14,1.96,1.99
2/3/2016,2.04,2.08,1.95,2.07
2/4/2016,2.06,2.17,2.03,2.09
2/5/2016,2.06,2.08,1.98,1.98
2/8/2016,1.97,1.98,1.87,1.93
2/9/2016,1.89,2,1.85,1.9
2/10/2016,1.92,1.98,1.83,1.84
2/11/2016,1.82,1.94,1.81,1.86
2/12/2016,1.89,1.91,1.82,1.83
2/16/2016,1.86,1.9,1.82,1.83
2/17/2016,1.85,1.94,1.85,1.9
2/18/2016,1.93,1.98,1.9,1.91
2/19/2016,1.93,1.93,1.83,1.91
2/22/2016,1.94,2.04,1.93,2.01
2/23/2016,2.04,2.06,1.97,1.97
2/24/2016,1.98,2.04,1.93,2.02
2/25/2016,2.02,2.04,1.98,2.03
2/26/2016,2.04,2.1,2.03,2.07
2/29/2016,2.06,2.15,2.05,2.14
3/1/2016,2.16,2.2,2.12,2.18
3/2/2016,2.2,2.33,2.18,2.32
3/3/2016,2.32,2.55,2.3,2.46
3/4/2016,2.42,2.5,2.34,2.37
3/7/2016,2.36,2.47,2.36,2.47
3/8/2016,2.44,2.46,2.3,2.3
3/9/2016,2.32,2.35,2.2,2.26
3/10/2016,2.29,2.31,2.15,2.26
3/11/2016,2.29,2.54,2.29,2.52
3/14/2016,2.53,2.75,2.5,2.72
3/15/2016,2.67,2.69,2.45,2.49
3/16/2016,2.5,2.64,2.49,2.63
3/17/2016,2.77,2.81,2.7,2.8
3/18/2016,2.8,2.93,2.77,2.93
3/21/2016,2.9,2.9,2.75,2.8
3/22/2016,2.73,2.85,2.71,2.79
3/23/2016,2.8,2.83,2.68,2.68
3/24/2016,2.69,2.81,2.62,2.79
3/28/2016,2.81,2.84,2.73,2.78
3/29/2016,2.74,2.88,2.7,2.86
3/30/2016,2.88,2.98,2.85,2.86
3/31/2016,2.84,2.88,2.8,2.85
4/1/2016,2.79,2.88,2.76,2.83
4/4/2016,2.83,2.87,2.8,2.83
4/5/2016,2.76,2.84,2.72,2.76
4/6/2016,2.75,2.8,2.72,2.8
4/7/2016,2.76,2.83,2.61,2.64
4/8/2016,2.7,2.76,2.68,2.74
4/11/2016,2.76,2.82,2.74,2.76
4/12/2016,2.79,2.85,2.76,2.81
4/13/2016,2.78,2.82,2.73,2.8
4/14/2016,2.77,2.79,2.7,2.72
4/15/2016,2.72,2.75,2.68,2.7
4/18/2016,2.67,2.8,2.65,2.76
4/19/2016,2.78,2.78,2.61,2.62
4/20/2016,2.62,2.72,2.61,2.7
4/21/2016,2.65,2.7,2.6,2.62
4/22/2016,3.19,3.99,3.18,3.99
4/25/2016,3.81,3.82,3.31,3.45
4/26/2016,3.45,3.75,3.44,3.66
4/27/2016,3.55,3.75,3.53,3.73
4/28/2016,3.69,3.8,3.6,3.61
4/29/2016,3.69,3.69,3.45,3.55
5/2/2016,3.58,3.75,3.57,3.74
5/3/2016,3.7,3.71,3.58,3.6
5/4/2016,3.54,3.67,3.54,3.6
5/5/2016,3.64,3.8,3.61,3.66
5/6/2016,3.65,3.75,3.64,3.68
5/9/2016,3.66,3.68,3.45,3.65
5/10/2016,3.66,3.68,3.56,3.64
5/11/2016,3.61,3.68,3.6,3.65
5/12/2016,3.65,3.68,3.55,3.59
5/13/2016,3.56,3.73,3.55,3.67
5/16/2016,3.67,3.85,3.65,3.79
5/17/2016,3.8,3.98,3.69,3.79
5/18/2016,3.79,3.97,3.77,3.84
5/19/2016,3.83,3.85,3.69,3.77
5/20/2016,3.83,3.9,3.81,3.87
5/23/2016,3.9,4.2,3.88,4.04
5/24/2016,4.09,4.21,3.92,4.2
5/25/2016,4.24,4.35,4.15,4.18
5/26/2016,4.19,4.38,4.17,4.35
5/27/2016,4.39,4.63,4.37,4.6
5/31/2016,4.67,4.71,4.5,4.57
6/1/2016,4.6,4.64,4.38,4.43
6/2/2016,4.37,4.4,4.07,4.24
6/3/2016,4.16,4.2,4.08,4.16
6/6/2016,4.2,4.51,4.17,4.47
6/7/2016,4.56,4.67,4.47,4.51
6/8/2016,4.54,4.56,4.38,4.46
6/9/2016,4.41,4.54,4.32,4.52
6/10/2016,4.4,4.47,4.3,4.32
6/13/2016,4.32,4.48,4.32,4.4
6/14/2016,4.4,4.51,4.33,4.39
6/15/2016,4.44,4.48,4.3,4.42
6/16/2016,4.5,4.75,4.46,4.75
6/17/2016,4.75,5.27,4.68,5.26
6/20/2016,5.39,5.45,5.09,5.1
6/21/2016,5.1,5.5,5.09,5.45
6/22/2016,5.46,5.52,4.96,5.02
6/23/2016,5.17,5.26,5.05,5.21
6/24/2016,4.82,5.07,4.76,4.88
6/27/2016,4.88,5.05,4.65,4.72
6/28/2016,4.95,5.19,4.91,5.12
6/29/2016,5.31,5.4,5.1,5.13
6/30/2016,5.13,5.19,4.95,5.14
7/1/2016,5.09,5.14,5,5.07
7/5/2016,5.03,5.05,4.88,4.96
7/6/2016,4.91,5.11,4.9,5.04
7/7/2016,5.07,5.1,4.94,5.02
7/8/2016,4.84,5.15,4.82,5.1
7/11/2016,5.13,5.19,5,5.01
7/12/2016,5.01,5.17,5.01,5.14
7/13/2016,5.14,5.19,5.04,5.09
7/14/2016,5.15,5.24,5.06,5.17
7/15/2016,5.2,5.2,5.1,5.14
7/18/2016,5.19,5.57,5.13,5.51
7/19/2016,5.5,5.55,5.34,5.41
7/20/2016,5.48,5.5,5.4,5.41
7/21/2016,5.43,5.45,5.1,5.22
7/22/2016,5.73,5.97,5.45,5.84
7/25/2016,5.93,6.95,5.92,6.7
7/26/2016,6.76,7.16,6.71,6.98
7/27/2016,6.93,6.98,6.68,6.85
7/28/2016,6.79,6.98,6.74,6.82
7/29/2016,6.88,6.96,6.75,6.86
8/1/2016,6.89,6.92,6.57,6.64
8/2/2016,6.56,6.6,6.15,6.26
8/3/2016,6.18,6.45,6.15,6.3
8/4/2016,6.39,6.61,6.37,6.47
8/5/2016,6.56,6.76,6.47,6.61
8/8/2016,6.7,6.85,6.65,6.68
8/9/2016,6.75,6.78,6.54,6.6
8/10/2016,6.35,6.58,6.25,6.49
8/11/2016,6.5,6.59,6.46,6.58
8/12/2016,6.6,6.79,6.55,6.73
8/15/2016,6.79,6.97,6.78,6.95
8/16/2016,6.94,6.94,6.65,6.78
8/17/2016,6.7,6.75,6.61,6.68
8/18/2016,6.74,7.07,6.73,7.04
8/19/2016,7.24,8,7.22,7.62
8/22/2016,7.83,7.95,7.37,7.58
8/23/2016,7.66,7.74,7.53,7.67
8/24/2016,7.67,7.67,7.37,7.43
8/25/2016,7.49,7.49,7.2,7.47
8/26/2016,7.49,7.8,7.46,7.67
8/29/2016,7.72,7.79,7.57,7.59
8/30/2016,7.61,7.64,7.41,7.49
8/31/2016,7.52,7.52,7.28,7.4
9/1/2016,7.18,7.44,7.09,7.35
9/2/2016,7.49,7.64,7.38,7.51
9/6/2016,7.56,7.6,7.25,7.34
9/7/2016,7.05,7.07,6.78,6.84
9/8/2016,6.64,6.65,6.15,6.23
9/9/2016,6.23,6.24,5.85,5.9
9/12/2016,5.83,6.07,5.77,5.94
9/13/2016,5.92,5.95,5.66,5.74
9/14/2016,5.75,6.08,5.75,6.04
9/15/2016,6.09,6.2,5.95,6.02
9/16/2016,6.22,6.22,5.97,6.05
9/19/2016,6.12,6.28,6.08,6.16
9/20/2016,6.23,6.28,6.12,6.17
9/21/2016,6.2,6.32,6.14,6.29
9/22/2016,6.35,6.44,6.33,6.37
9/23/2016,6.31,6.65,6.31,6.55
9/26/2016,6.54,6.54,6.31,6.32
9/27/2016,6.45,6.58,6.29,6.54
9/28/2016,6.57,6.65,6.48,6.59
9/29/2016,6.57,6.73,6.54,6.67
9/30/2016,6.7,7.04,6.7,6.91
10/3/2016,6.95,7.15,6.87,6.95
10/4/2016,7,7.09,6.89,6.97
10/5/2016,6.97,7.01,6.7,6.78
10/6/2016,6.72,6.98,6.63,6.96
10/7/2016,6.92,6.96,6.62,6.75
10/10/2016,6.82,6.94,6.8,6.84
10/11/2016,6.8,6.84,6.38,6.5
10/12/2016,6.64,6.77,6.42,6.62
10/13/2016,6.5,6.54,6.24,6.49
10/14/2016,6.92,7.12,6.74,6.75
10/17/2016,6.92,6.97,6.64,6.67
10/18/2016,6.76,6.89,6.69,6.73
10/19/2016,6.7,6.8,6.57,6.77
10/20/2016,6.81,6.98,6.77,6.96
10/21/2016,6.5,6.65,6.37,6.52
10/24/2016,6.57,7.01,6.54,7.01
10/25/2016,6.9,7.5,6.87,7.5
10/26/2016,7.4,7.48,7.26,7.29
10/27/2016,7.44,7.46,7.1,7.11
10/28/2016,7.1,7.53,7.02,7.2
10/31/2016,7.24,7.46,7.2,7.23
11/1/2016,7.32,7.43,6.92,7.09
11/2/2016,7.03,7.06,6.67,6.76
11/3/2016,6.78,6.79,6.56,6.7
11/4/2016,6.69,6.72,6.46,6.56
11/7/2016,6.79,6.99,6.76,6.96
11/8/2016,6.85,7.18,6.75,7
11/9/2016,6.7,7.05,6.64,6.94
11/10/2016,6.82,6.91,6.22,6.3
11/11/2016,6.64,6.69,6.47,6.69
11/14/2016,6.83,6.84,6.61,6.79
11/15/2016,6.82,7.08,6.79,6.97
11/16/2016,7.09,7.75,7.07,7.67
11/17/2016,7.79,8.77,7.77,8.46
11/18/2016,8.68,8.83,8.4,8.71
11/21/2016,8.87,9.22,8.86,8.94
11/22/2016,9.05,9.06,8.54,8.69
11/23/2016,8.72,8.86,8.5,8.8
11/25/2016,8.8,8.91,8.69,8.77
11/28/2016,8.72,8.98,8.72,8.83
11/29/2016,9,9.23,8.85,8.93
11/30/2016,9.02,9.12,8.9,8.91
12/1/2016,8.92,9.03,8.26,8.39
12/2/2016,8.38,8.74,8.38,8.53
12/5/2016,8.69,8.71,8.45,8.68
12/6/2016,8.95,9.54,8.82,9.45
12/7/2016,9.65,9.79,9.24,9.56
12/8/2016,9.9,10.66,9.8,10.34
12/9/2016,10.38,10.54,9.87,10.34
12/12/2016,10.4,10.93,10.38,10.68
12/13/2016,10.75,10.8,10.4,10.54
12/14/2016,10.43,10.74,10.27,10.55
12/15/2016,10.68,10.93,10.64,10.86
12/16/2016,10.94,11.23,10.6,10.66
12/19/2016,10.81,11,10.52,10.95
12/20/2016,11.19,11.51,11.15,11.51
12/21/2016,11.61,11.72,11.31,11.47
12/22/2016,11.65,11.75,11.47,11.6
12/23/2016,11.3,11.6,11.26,11.58
12/27/2016,11.65,12.08,11.6,12.07
12/28/2016,12.28,12.42,11.46,11.55
12/29/2016,11.24,11.62,11.01,11.59
12/30/2016,11.7,11.78,11.25,11.34
1/3/2017,11.42,11.65,11.02,11.43
1/4/2017,11.45,11.52,11.24,11.43
1/5/2017,11.43,11.69,11.23,11.24
1/6/2017,11.29,11.49,11.11,11.32
1/9/2017,11.37,11.64,11.31,11.49
1/10/2017,11.55,11.63,11.33,11.44
1/11/2017,11.39,11.41,11.15,11.2
1/12/2017,10.98,11.04,10.33,10.76
1/13/2017,10.79,10.87,10.56,10.58
1/17/2017,10.17,10.23,9.78,9.82
1/18/2017,9.54,10.1,9.42,9.88
1/19/2017,9.92,10.25,9.75,9.77
1/20/2017,9.88,9.96,9.67,9.75
1/23/2017,9.68,10.06,9.68,9.91
1/24/2017,9.95,10.49,9.95,10.44
1/25/2017,10.74,10.98,10.15,10.35
1/26/2017,10.35,10.66,10.3,10.52
1/27/2017,10.6,10.73,10.52,10.67
1/30/2017,10.62,10.68,10.3,10.61
1/31/2017,10.6,10.67,10.22,10.37
2/1/2017,10.9,12.14,10.81,12.06
2/2/2017,11.98,12.66,11.95,12.28
2/3/2017,12.37,12.5,12.04,12.24
2/6/2017,12.46,13.7,12.38,13.63
2/7/2017,14.05,14.27,13.06,13.29
2/8/2017,13.21,13.75,13.08,13.56
2/9/2017,13.78,13.89,13.4,13.42
2/10/2017,13.86,13.86,13.25,13.58
2/13/2017,13.7,13.95,13.38,13.49
2/14/2017,13.43,13.49,13.19,13.26
2/15/2017,13.2,13.44,13.15,13.3
2/16/2017,13.25,13.35,12.84,12.97
2/17/2017,12.79,13.14,12.6,13.13
2/21/2017,13.41,14.1,13.4,14
2/22/2017,14.3,14.5,14.04,14.28
2/23/2017,14.2,14.45,13.82,14.32
2/24/2017,14,14.32,13.86,14.12
2/27/2017,14.27,15.35,14.27,15.2
2/28/2017,15.45,15.55,14.35,14.46
3/1/2017,15.08,15.09,14.52,14.96
3/2/2017,14.59,14.78,13.87,13.9
3/3/2017,13.55,13.58,12.79,13.03
3/6/2017,13,13.34,12.38,13.04
3/7/2017,13.07,13.37,12.79,13.05
3/8/2017,13.25,13.55,13.1,13.22
3/9/2017,13.45,13.45,13.11,13.33
3/10/2017,13.5,13.93,13.45,13.91
3/13/2017,14.48,14.68,14.18,14.28
3/14/2017,14,14.15,13.64,14.1
3/15/2017,14.03,14.06,13.62,13.98
3/16/2017,13.79,13.88,13.65,13.65
3/17/2017,13.62,13.74,13.36,13.49
3/20/2017,13.68,14.5,13.54,14.4
3/21/2017,14.4,14.49,13.78,13.82
3/22/2017,13.7,14.15,13.55,14.1
3/23/2017,13.96,14.12,13.77,13.79
3/24/2017,14.16,14.18,13.54,13.7
3/27/2017,13.35,13.78,13.21,13.7
3/28/2017,13.75,13.86,13.55,13.69
3/29/2017,13.74,13.87,13.63,13.71
3/30/2017,13.73,14.05,13.65,14.05
3/31/2017,14.1,14.75,14.01,14.55
4/3/2017,14.6,14.74,14.3,14.64
4/4/2017,14.31,14.67,14.03,14.16
4/5/2017,14.28,14.64,14.1,14.17
4/6/2017,13.42,13.46,12.83,13.27
4/7/2017,13.33,13.68,13.22,13.52
4/10/2017,13.52,13.59,13.04,13.1
4/11/2017,13.02,13.29,12.71,13.1
4/12/2017,12.94,13.1,12.74,12.76
4/13/2017,12.51,12.72,12.22,12.31
4/17/2017,12.53,12.8,12.37,12.79
4/18/2017,12.63,12.97,12.58,12.95
4/19/2017,13.09,13.21,12.8,12.84
4/20/2017,12.98,13.15,12.88,13.11
4/21/2017,13.08,13.12,12.9,13
4/24/2017,13.23,13.23,13.05,13.13
4/25/2017,13.24,13.53,13.16,13.49
4/26/2017,13.42,13.53,13.22,13.41
4/27/2017,13.43,13.7,13.37,13.62
4/28/2017,13.73,13.76,13.16,13.3
5/1/2017,13.43,13.63,13.25,13.62
5/2/2017,11.73,11.76,10.3,10.32
5/3/2017,10.29,10.68,9.85,10.39
5/4/2017,10.55,10.55,9.94,10.1
5/5/2017,10.13,10.26,9.94,10.19
5/8/2017,10.22,10.22,10,10.04
5/9/2017,10.04,10.4,10.04,10.18
5/10/2017,10.46,10.85,10.45,10.79
5/11/2017,10.74,11.26,10.51,11.07
5/12/2017,11.2,11.4,11.08,11.26
5/15/2017,11.41,11.6,11.3,11.42
5/16/2017,11.66,12.77,11.63,12.75
5/17/2017,11.81,12.29,11.16,11.2
5/18/2017,10.99,11.49,10.81,11.28
5/19/2017,11.47,11.62,11.35,11.41
5/22/2017,11.49,11.55,10.77,11.04
5/23/2017,10.97,11.06,10.62,10.89
5/24/2017,11.05,11.06,10.71,10.89
5/25/2017,11.01,11.01,10.8,10.98
5/26/2017,10.85,11.02,10.74,11
5/30/2017,10.95,11.27,10.9,11.12
5/31/2017,11.29,11.49,11.1,11.19
6/1/2017,11.25,11.29,10.81,10.93
6/2/2017,10.93,10.96,10.57,10.9
6/5/2017,10.84,11.34,10.8,11.24
6/6/2017,11.27,12.24,11.24,12.03
6/7/2017,12.42,12.96,12.23,12.38
6/8/2017,12.81,12.91,12.4,12.9
6/9/2017,13.1,13.4,11.63,12.28
6/12/2017,11.75,12.35,11.27,12.09
6/13/2017,12.33,12.48,11.67,11.96
6/14/2017,11.91,12.05,11.65,11.77
6/15/2017,11.34,11.58,11.21,11.5
6/16/2017,11.66,11.83,11.28,11.44
6/19/2017,11.63,12.12,11.62,11.93
6/20/2017,12.19,12.93,12.18,12.64
6/21/2017,13.36,14.01,13.13,13.98
6/22/2017,14.1,14.5,13.56,14.38
6/23/2017,14.15,14.67,13.9,14.17
6/26/2017,14.39,14.49,13.84,14.08
6/27/2017,13.76,14.04,13.37,13.4
6/28/2017,13.65,13.7,13.09,13.23
6/29/2017,13.06,13.15,12.45,12.6
6/30/2017,12.57,12.83,12.36,12.48
7/3/2017,12.57,12.73,12.13,12.15
7/5/2017,12.36,13.21,12.32,13.19
7/6/2017,12.94,13.32,12.67,13.02
7/7/2017,13.27,13.75,13.18,13.36
7/10/2017,13.61,13.88,13.27,13.81
7/11/2017,13.77,14.1,13.62,13.89
7/12/2017,14.17,14.39,13.96,14.29
7/13/2017,14.33,14.49,13.43,13.53
7/14/2017,13.46,13.93,13.32,13.92
7/17/2017,14.03,14.12,13.51,13.8
7/18/2017,13.29,13.53,13.15,13.48
7/19/2017,13.62,13.74,13.41,13.55
7/20/2017,13.61,13.89,13.45,13.8
7/21/2017,13.7,14.05,13.62,13.88
7/24/2017,14,14.44,13.97,14.16
7/25/2017,14.29,14.32,13.87,14.11
7/26/2017,15.13,15.65,14.4,14.76
7/27/2017,14.99,15.04,13.7,14.12
7/28/2017,13.85,14.1,13.68,13.95
7/31/2017,14.09,14.22,13.47,13.61
8/1/2017,13.72,13.86,13.45,13.71
8/2/2017,13.81,13.93,13.12,13.37
8/3/2017,13.42,13.52,13.08,13.24
8/4/2017,13.2,13.36,13.02,13.12
8/7/2017,13.33,13.57,13.27,13.43
8/8/2017,13.48,13.55,13.08,13.11
8/9/2017,12.76,12.89,12.54,12.83
8/10/2017,12.7,12.92,12.11,12.12
8/11/2017,12.04,12.39,11.88,12.23
8/14/2017,12.58,12.85,12.58,12.76
8/15/2017,13.01,13.14,12.75,13.02
8/16/2017,13.17,13.19,12.52,12.63
8/17/2017,12.46,12.65,12.32,12.34
8/18/2017,12.43,12.56,12.25,12.37
8/21/2017,12.42,12.42,11.86,12.05
8/22/2017,12.2,12.33,12.1,12.17
8/23/2017,12,12.54,11.95,12.48
8/24/2017,12.69,12.71,12.39,12.5
8/25/2017,12.51,12.57,12.25,12.43
8/28/2017,12.53,12.55,12.16,12.23
8/29/2017,12,12.18,11.93,12.15
8/30/2017,12.19,12.68,12.16,12.67
8/31/2017,12.82,13.16,12.79,13
9/1/2017,13.12,13.49,13.04,13.19
9/5/2017,12.88,13.18,12.65,12.92
9/6/2017,13.02,13.08,12.75,12.86
9/7/2017,12.84,12.94,12.6,12.63
9/8/2017,12.57,12.61,12.04,12.25
9/11/2017,12.46,12.74,12.4,12.55
9/12/2017,12.66,12.68,12.21,12.3
9/13/2017,12.22,12.36,12.12,12.22
9/14/2017,12.15,12.46,12.11,12.26
9/15/2017,12.33,12.66,12.31,12.52
9/18/2017,12.77,13.3,12.74,13.08
9/19/2017,13.25,13.29,12.88,13.12
9/20/2017,13.07,13.8,12.8,13.74
9/21/2017,14,14.24,13.32,13.41
9/22/2017,13.2,13.4,13.12,13.3
9/25/2017,13.25,13.28,12.49,12.61
9/26/2017,12.85,12.93,12.43,12.45
9/27/2017,12.65,12.87,12.5,12.74
9/28/2017,12.76,12.84,12.55,12.74
9/29/2017,12.77,12.82,12.6,12.75
10/2/2017,12.8,12.85,12.62,12.71
10/3/2017,12.73,13.48,12.7,13.42
10/4/2017,13.31,13.5,13.15,13.31
10/5/2017,13.38,13.46,13.21,13.34
10/6/2017,13.22,13.39,13.18,13.23
10/9/2017,13.26,13.83,13.26,13.47
10/10/2017,13.72,13.79,13.44,13.7
10/11/2017,13.62,13.96,13.61,13.88
10/12/2017,13.85,14.37,13.81,14.2
10/13/2017,14.32,14.41,14.12,14.22
10/16/2017,14.25,14.35,14.12,14.26
10/17/2017,14.24,14.35,14.14,14.16
10/18/2017,14.2,14.28,13.76,14.07
10/19/2017,13.85,14.04,13.69,13.95
10/20/2017,14.03,14.09,13.8,13.81
10/23/2017,13.94,14.19,13.9,14.1
10/24/2017,14.2,14.36,14.15,14.25
10/25/2017,12.95,13.13,12.29,12.33
10/26/2017,12.45,12.46,12,12.01
10/27/2017,12.17,12.19,11.35,11.84
10/30/2017,11.26,11.42,10.65,10.89
10/31/2017,10.76,11.31,10.69,10.99
11/1/2017,11.25,11.29,10.72,10.8
11/2/2017,10.87,10.99,10.66,10.85
11/3/2017,10.95,11.13,10.82,11.12
11/6/2017,12.04,12.09,11.64,11.93
11/7/2017,11.94,12.27,11.92,12.05
11/8/2017,11.94,11.95,11.51,11.71
11/9/2017,11.25,11.35,11.03,11.12
11/10/2017,11.22,11.43,11.12,11.26
11/13/2017,11.18,11.2,10.92,11.09
11/14/2017,11.03,11.26,11,11.12
11/15/2017,11.01,11.13,10.77,11.07
11/16/2017,11.13,11.32,11.13,11.25
11/17/2017,11.3,11.75,11.28,11.38
11/20/2017,11.47,11.51,11.19,11.34
11/21/2017,11.42,11.49,11.24,11.4
11/22/2017,11.41,11.49,11.3,11.37
11/24/2017,11.38,11.42,11.3,11.38
11/27/2017,11.34,11.74,11.34,11.55
11/28/2017,11.45,11.54,11,11.17
11/29/2017,11.08,11.17,10.73,10.83
11/30/2017,10.87,11.03,10.76,10.89
12/1/2017,10.81,10.97,10.53,10.73
12/4/2017,10.85,10.86,9.82,10.03
12/5/2017,9.89,10.34,9.7,9.91
12/6/2017,9.9,10.05,9.71,10
12/7/2017,10.07,10.19,9.95,10.04
12/8/2017,10.15,10.2,9.92,9.94
12/11/2017,9.97,10.16,9.96,10.16
12/12/2017,10.13,10.14,9.88,9.9
12/13/2017,9.97,10.21,9.95,10.11
12/14/2017,10.1,10.17,9.96,10.13
12/15/2017,10.13,10.32,10.02,10.29
12/18/2017,10.6,11,10.51,10.98
12/19/2017,11,11.19,10.87,10.95
12/20/2017,11.1,11.18,10.8,10.98
12/21/2017,10.98,11.08,10.87,10.89
12/22/2017,10.75,10.77,10.2,10.54
12/26/2017,10.38,10.58,10.34,10.46
12/27/2017,10.45,10.74,10.4,10.53
12/28/2017,10.57,10.64,10.43,10.55
12/29/2017,10.57,10.58,10.27,10.28
1/2/2018,10.42,11.02,10.34,10.98
1/3/2018,11.61,12.14,11.36,11.55
1/4/2018,12.1,12.43,11.97,12.12
1/5/2018,12.19,12.22,11.66,11.88
1/8/2018,12.01,12.3,11.85,12.28
1/9/2018,12,12.02,11.71,11.82
1/10/2018,11.63,12.15,11.56,11.96
1/11/2018,12.07,12.19,11.9,12.14
1/12/2018,11.82,12.07,11.8,12.02
1/16/2018,12.05,12.2,11.8,11.91
1/17/2018,11.9,12.19,11.82,12.18
1/18/2018,12.18,12.68,12.15,12.47
1/19/2018,12.56,12.88,12.54,12.59
1/22/2018,12.61,12.74,12.37,12.65
1/23/2018,12.82,13,12.76,12.94
1/24/2018,13.02,13.05,12.6,12.71
1/25/2018,12.78,12.94,12.32,12.41
1/26/2018,12.7,12.95,12.62,12.95
1/29/2018,13.13,13.47,13.05,13.32
1/30/2018,13.12,13.27,12.69,12.87
1/31/2018,13.24,13.85,13.15,13.74
2/1/2018,13.62,13.84,13.21,13.25
2/2/2018,13.05,13.06,12.43,12.45
2/5/2018,12.05,12.18,10.93,11.57
2/6/2018,11.04,11.74,11,11.65
2/7/2018,11.7,11.9,11.53,11.6
2/8/2018,11.72,11.85,11.21,11.22
2/9/2018,11.54,11.57,10.63,11.31
2/12/2018,11.47,11.8,11.43,11.68
2/13/2018,11.6,11.82,11.53,11.78
2/14/2018,11.72,12.31,11.63,12.2
2/15/2018,12.4,12.63,12.07,12.19
2/16/2018,12.11,12.23,11.82,11.82
2/20/2018,11.72,12.19,11.71,12.02
2/21/2018,12.12,12.12,11.72,11.72
2/22/2018,11.82,12,11.63,11.84
2/23/2018,11.95,12.16,11.94,12.07
2/26/2018,12.14,12.43,12.05,12.42
2/27/2018,12.43,12.88,12.39,12.53
2/28/2018,12.66,12.73,12.1,12.11
3/1/2018,12.26,12.27,11.66,11.9
3/2/2018,11.67,11.93,11.43,11.81
3/5/2018,11.69,12.06,11.61,11.91
3/6/2018,12.01,12.05,11.71,11.76
3/7/2018,11.58,12.82,11.55,12.24
3/8/2018,12.4,12.59,11.74,11.97
3/9/2018,12.03,12.04,11.58,11.7
3/12/2018,11.76,11.82,11.48,11.52
3/13/2018,11.5,12.04,11.1,11.64
3/14/2018,11.7,11.72,11.26,11.36
3/15/2018,11.43,11.55,11.19,11.46
3/16/2018,11.49,11.55,11.32,11.47
3/19/2018,11.41,11.74,11.35,11.43
3/20/2018,11.41,11.52,11,11.11
3/21/2018,11.16,11.34,11.11,11.26
3/22/2018,11.1,11.26,10.85,10.91
3/23/2018,10.91,10.97,10.57,10.63
3/26/2018,10.71,10.8,10.18,10.44
3/27/2018,10.51,10.59,9.9,10
3/28/2018,9.99,10.17,9.79,9.81
3/29/2018,9.94,10.08,9.81,10.05
4/2/2018,9.99,10.14,9.51,9.53
4/3/2018,9.63,9.77,9.3,9.55
4/4/2018,9.08,9.81,9.04,9.77
4/5/2018,10.05,10.2,9.91,10.02
4/6/2018,9.83,10.1,9.5,9.61
4/9/2018,9.75,9.84,9.52,9.53
4/10/2018,9.75,10.04,9.71,9.98
4/11/2018,9.87,10.03,9.79,9.82
4/12/2018,9.98,10.1,9.82,10.08
4/13/2018,10.2,10.22,9.88,9.93
4/16/2018,10,10.17,9.9,10.09
4/17/2018,10.28,10.53,10.2,10.52
4/18/2018,10.51,10.65,10.33,10.36
4/19/2018,10.18,10.33,9.99,10.11
4/20/2018,10.05,10.14,9.95,9.99
4/23/2018,10.09,10.19,9.97,10.04
4/24/2018,10.19,10.35,9.95,10.09
4/25/2018,10.06,10.09,9.56,9.71
4/26/2018,10.87,11.19,10.61,11.04
4/27/2018,11.2,11.36,11.02,11.11
4/30/2018,11.06,11.14,10.87,10.88
5/1/2018,10.83,11.15,10.77,11.13
5/2/2018,11.1,11.16,10.97,10.97
5/3/2018,10.9,11.06,10.83,10.93
5/4/2018,10.88,11.29,10.87,11.28
5/7/2018,11.32,11.68,11.3,11.59
5/8/2018,11.49,11.66,11.4,11.61
5/9/2018,11.65,11.98,11.57,11.95
5/10/2018,11.98,12.18,11.95,12.13
5/11/2018,11.89,12.03,11.69,11.95
5/14/2018,12.14,12.36,12.11,12.23
5/15/2018,12.18,12.46,12.16,12.45
5/16/2018,12.64,12.98,12.62,12.82
5/17/2018,12.79,12.9,12.66,12.82
5/18/2018,13.06,13.26,12.91,13
5/21/2018,13.25,13.31,12.88,12.99
5/22/2018,13,13.14,12.71,12.98
5/23/2018,12.93,13.18,12.9,13.1
5/24/2018,13.06,13.43,13.03,13.41
5/25/2018,13.4,13.72,13.36,13.54
5/29/2018,13.45,13.63,13.26,13.36
5/30/2018,13.48,13.95,13.48,13.82
5/31/2018,13.74,13.93,13.69,13.73
6/1/2018,13.98,14.4,13.92,14.4
6/4/2018,14.76,14.98,14.52,14.85
6/5/2018,14.85,14.92,14.63,14.85
6/6/2018,15.07,15.74,15.04,15.67
6/7/2018,15.83,15.97,14.85,14.89
6/8/2018,14.52,15.33,14.31,15.25
6/11/2018,15.21,15.89,15.01,15.73
6/12/2018,15.84,15.95,15.43,15.85
6/13/2018,15.81,16.52,15.78,16.32
6/14/2018,16.620001,16.790001,15.58,16.25
6/15/2018,16.059999,16.52,15.82,16.34
6/18/2018,16.18,17.34,16.129999,17.110001
6/19/2018,16.85,17.290001,16.309999,16.690001
6/20/2018,16.83,17.129999,16.370001,16.52
6/21/2018,16.65,16.870001,15.46,15.65
6/22/2018,15.78,15.91,15.56,15.8
6/25/2018,15.64,15.74,14.54,15.11
6/26/2018,15.32,15.6,15.1,15.5
6/27/2018,15.65,15.76,14.96,14.97
6/28/2018,14.85,15.36,14.75,15.31
6/29/2018,15.41,15.49,14.98,14.99
7/2/2018,14.8,15.18,14.74,15.16
7/3/2018,15.21,15.34,14.96,15
7/5/2018,15.13,15.5,15.02,15.5
7/6/2018,15.52,16.389999,15.48,16.360001
7/9/2018,16.73,16.84,16.17,16.610001
7/10/2018,16.59,16.65,16.309999,16.549999
7/11/2018,16.15,16.530001,16.02,16.27
7/12/2018,16.41,16.790001,16.379999,16.559999
7/13/2018,16.68,16.690001,16.219999,16.27
7/16/2018,16.42,17,16.41,16.58
7/17/2018,16.5,16.879999,16.48,16.870001
7/18/2018,16.940001,16.99,16.549999,16.85
7/19/2018,16.709999,16.879999,16.549999,16.709999
7/20/2018,16.66,16.879999,16.440001,16.5
7/23/2018,16.469999,16.68,15.9,16.66
7/24/2018,16.75,16.860001,16.110001,16.190001
7/25/2018,16.299999,16.389999,15.72,16.049999
7/26/2018,17.16,18.450001,16.83,18.35
7/27/2018,19.07,19.879999,18.309999,18.940001
7/30/2018,19.4,20.18,19.309999,19.42
7/31/2018,19.35,19.5,18.27,18.33
8/1/2018,18.34,18.950001,18.32,18.48
8/2/2018,18.17,18.83,18,18.790001
8/3/2018,18.940001,19.059999,18.370001,18.49
8/6/2018,18.889999,19.440001,18.459999,19.43
8/7/2018,19.530001,19.709999,19.08,19.559999
8/8/2018,19.459999,19.77,19.26,19.58
8/9/2018,19.58,19.709999,19.08,19.1
8/10/2018,19.09,19.48,18.85,19.059999
8/13/2018,19.16,19.93,19.120001,19.73
8/14/2018,19.969999,20.280001,19.629999,20.02
8/15/2018,19.860001,20.1,19.200001,19.700001
8/16/2018,19.860001,20.07,19.25,19.33
8/17/2018,19.120001,19.82,18.73,19.77
8/20/2018,19.790001,20.08,19.35,19.98
8/21/2018,19.98,20.42,19.860001,20.4
8/22/2018,20.280001,20.92,20.209999,20.9
8/23/2018,21.190001,22.32,21.139999,22.290001
8/24/2018,22.91,24,22.67,23.98
8/27/2018,24.940001,27.299999,24.629999,25.26
8/28/2018,25.51,26.18,24.040001,25.049999
8/29/2018,24.360001,25.41,24.01,25.200001
